CODICE_FARMACIA,DESCRIZIONE_FARMACIA,PARTITA_IVA,INDIRIZZO,COMUNE,FRAZIONE,PROVINCIA,CODICE_ISTAT,CAP,MUNICIPIO,ID_NIL,NIL,LONGITUDINE,LATITUDINE,Location,lon,lat,id_nil,municipio,nil,nearest_pharmacy_m,opportunity_score,saturation_index,pop_per_farmacia,farmacie_per_10k,quota_over65_pct,archetipo
MI2052,PIAZZA GRAMSCI,3860200967,"VIA PAOLO SARPI, 62",MILANO,,MI,15146,20154,8,69,SARPI,9.1705675093,45.4810317026,"(45.4810317026, 9.1705675093)",9.1705675093,45.4810317026,69,8,Sarpi,171.6033954238098,14.6,88.6,2177,4.59,20.6,Zona molto competitiva
MI0879,A.F.M. N. 51,13195220150,"VIA MARIO PIERI, 2",MILANO,,MI,15146,20127,2,19,PADOVA - TURRO - CRESCENZAGO,9.2441675762,45.5075582049,"(45.5075582049, 9.2441675762)",9.2441675762,45.5075582049,19,2,Padova - Turro - Crescenzago,360.9019024584749,61.9,48.4,4747,2.11,20.1,Zona bilanciata
MI1941,SOLARI,11099220961,"VIA ANDREA SOLARI, 40",MILANO,,MI,15146,20144,6,50,PORTA GENOVA,9.1597867893,45.4544153043,"(45.4544153043, 9.1597867893)",9.1597867893,45.4544153043,50,6,Porta Genova,323.3612894832415,44.6,55.7,3775,2.65,23.8,Zona pressione parafarmacie
MI1440,MONFORTE SNC,11016490150,"CORSO MONFORTE, 19",MILANO,,MI,15146,20122,1,1,DUOMO,9.1999340938,45.4669620914,"(45.4669620914, 9.1999340938)",9.1999340938,45.4669620914,1,1,Duomo,212.7494469564374,1.1,99.0,636,15.73,24.0,Zona molto competitiva
MI1919,PENNAGLIA SAS DELLA DOTT.SSA ANNA MARIA PENNAGLIA,10579760967,"VIA MONTE PALOMBINO, 9",MILANO,,MI,15146,20138,4,33,ROGOREDO - SANTA GIULIA,9.2441208052,45.4320315995,"(45.4320315995, 9.2441208052)",9.2441208052,45.4320315995,33,4,Rogoredo - Santa Giulia,484.2269561959689,70.6,18.4,5858,1.71,14.9,Zona ad alto potenziale non satura
MI0701,A.F.M. N. 38,13195220150,VIA MICHELE SAPONARO 2C,MILANO,,MI,15146,20142,5,41,GRATOSOGLIO - Q.RE MISSAGLIA - Q.RE TERRAZZE,9.1727312138,45.4112624169,"(45.4112624169, 9.1727312138)",9.1727312138,45.4112624169,41,5,Gratosoglio - Q.Re Missaglia - Q.Re Terrazze,475.0261450001894,63.9,38.1,4776,2.09,25.6,Zona servizi senior
MI1451,CARLETTI SAS,11017700151,"VIA MAC MAHON, 111",MILANO,,MI,15146,20155,8,71,VILLAPIZZONE - CAGNOLA - BOLDINASCO,9.1532307999,45.4972708856,"(45.4972708856, 9.1532307999)",9.1532307999,45.4972708856,71,8,Villapizzone - Cagnola - Boldinasco,300.0047213294145,59.3,48.2,4645,2.15,20.5,Zona bilanciata
MI1635,VAL DI SOLE,1663790184,"VIA VAL DI SOLE, 22",MILANO,,MI,15146,20141,5,38,VIGENTINO - Q.RE FATIMA,9.2035867596,45.4300787837,"(45.4300787837, 9.2035867596)",9.2035867596,45.4300787837,38,5,Vigentino - Q.Re Fatima,519.1310740510622,60.8,29.8,4068,2.46,23.1,Zona bilanciata
MI1989,V ALPINI SAS DI PERRECA DR.SSA PATRIZIA,12246290964,"LARGO QUINTO ALPINI, 1",MILANO,,MI,15146,20145,1,7,MAGENTA - S. VITTORE,9.167348188,45.4718838192,"(45.4718838192, 9.167348188)",9.167348188,45.4718838192,7,1,Magenta - S. Vittore,248.6507907151109,7.0,92.1,1805,5.54,22.3,Zona molto competitiva
MI1893,BERGOGNONE SRL,10209770964,"VIA AMBROGIO DA FOSSANO BERGOGNONE, 31",MILANO,,MI,15146,20144,6,50,PORTA GENOVA,9.1638862105,45.4539824209,"(45.4539824209, 9.1638862105)",9.1638862105,45.4539824209,50,6,Porta Genova,323.3612894832415,44.6,55.7,3775,2.65,23.8,Zona pressione parafarmacie
MI2046,MILANO QUARENGHI,12283700966,"VIA GIACOMO QUARENGHI, 23",MILANO,,MI,15146,20151,8,65,Q.RE GALLARATESE - Q.RE SAN LEONARDO - LAMPUGNANO,9.1148602074,45.4958276057,"(45.4958276057, 9.1148602074)",9.1148602074,45.4958276057,65,8,Q.Re Gallaratese - Q.Re San Leonardo - Lampugnano,431.7029222878711,49.5,45.6,3332,3.0,28.3,Zona bilanciata
MI1417,SAN CELSO,10992670157,"VIA CROCEFISSO, 1",MILANO,,MI,15146,20122,1,1,DUOMO,9.1873322377,45.4569416099,"(45.4569416099, 9.1873322377)",9.1873322377,45.4569416099,1,1,Duomo,264.2635387237493,1.1,99.0,636,15.73,24.0,Zona molto competitiva
MI1859,DELLE QUERCE SAS,9065840960,"VIA GEROLAMO FORNI, 34",MILANO,,MI,15146,20161,9,82,COMASINA,9.1673476012,45.5251930168,"(45.5251930168, 9.1673476012)",9.1673476012,45.5251930168,82,9,Comasina,219.640454340082,67.6,31.3,5068,1.97,16.6,Zona bilanciata
MI0959,A.F.M. N. 76,13195220150,"VIA FEDERICO CHOPIN, 111",MILANO,,MI,15146,20141,5,38,VIGENTINO - Q.RE FATIMA,9.2038511248,45.4253863848,"(45.4253863848, 9.2038511248)",9.2038511248,45.4253863848,38,5,Vigentino - Q.Re Fatima,522.1786470724696,60.8,29.8,4068,2.46,23.1,Zona bilanciata
MI1821,HUMANITAS TOSELLI & C. SNC,12588160155,"VIA MELCHIORRE GIOIA, 43",MILANO,,MI,15146,20124,9,9,PORTA GARIBALDI - PORTA NUOVA,9.1976651965,45.4869543973,"(45.4869543973, 9.1976651965)",9.1976651965,45.4869543973,9,9,Porta Garibaldi - Porta Nuova,339.4533314619896,4.6,74.7,1149,8.7,22.3,Zona molto competitiva
MI0929,A.F.M. N. 72,13195220150,"VIA GRAN SAN BERNARDO, 6",MILANO,,MI,15146,20154,8,70,GHISOLFA,9.1677422212,45.4884162012,"(45.4884162012, 9.1677422212)",9.1677422212,45.4884162012,70,8,Ghisolfa,171.8168068085084,86.0,29.1,6208,1.61,20.9,Zona ad alto potenziale non satura
MI1539,MEAZZA SAS DEL DOTT. LORENZO LOCATELLI & C.,11978270152,"VIA DELLE FORZE ARMATE, 4",MILANO,,MI,15146,20147,7,52,BANDE NERE,9.139438965,45.4637104159,"(45.4637104159, 9.139438965)",9.139438965,45.4637104159,52,7,Bande Nere,364.4542901879144,50.6,50.5,3672,2.72,24.9,Zona bilanciata
MI0706,A.F.M. N. 09,13195220150,"VIA MECENATE, 8",MILANO,,MI,15146,20138,4,30,TALIEDO - MORSENCHIO - Q.RE FORLANINI,9.2429103745,45.4563905836,"(45.4563905836, 9.2429103745)",9.2429103745,45.4563905836,30,4,Taliedo - Morsenchio - Q.Re Forlanini,276.2792994442235,39.5,62.2,3270,3.06,23.7,Zona bilanciata
MI1913,MODIANO CLARA SAS DR. PAGLIANO MAURIZIO MARIA & C,10543370968,"PIAZZA CARLO STUPARICH, 4",MILANO,,MI,15146,20148,8,58,DE ANGELI - MONTE ROSA,9.1436621869,45.4825114857,"(45.4825114857, 9.1436621869)",9.1436621869,45.4825114857,58,8,De Angeli - Monte Rosa,414.9315571289265,34.7,58.3,2394,4.18,24.0,Zona bilanciata
MI1866,ANTICA FARMACIA DEL VERZIERE SNC,9566000965,"CORSO XXII MARZO, 52",MILANO,,MI,15146,20137,4,26,XXII MARZO,9.2230585074,45.46201329,"(45.46201329, 9.2230585074)",9.2230585074,45.46201329,26,4,Xxii Marzo,263.6974669943363,23.6,73.0,2227,4.49,24.2,Zona molto competitiva
MI1694,BARNI,5322260968,"VIA FRATELLI LUMIE'RE, 2",MILANO,,MI,15146,20127,2,20,LORETO - CASORETTO - NOLO,9.2125657057,45.4913165912,"(45.4913165912, 9.2125657057)",9.2125657057,45.4913165912,20,2,Loreto - Casoretto - Nolo,313.5178537681924,44.6,58.1,3548,2.82,18.4,Zona bilanciata
MI1763,DOTT. AUGUSTO DE LUCA SAS,6759200964,"VIA NINO BIXIO, 1",MILANO,,MI,15146,20129,3,21,BUENOS AIRES - PORTA VENEZIA - PORTA MONFORTE,9.2071189774,45.472061306,"(45.472061306, 9.2071189774)",9.2071189774,45.472061306,21,3,Buenos Aires - Porta Venezia - Porta Monforte,139.8821889680067,18.0,85.7,2213,4.52,23.3,Zona molto competitiva
MI0497,A.F.M. N. 18,13195220150,"VIA ALEX VISCONTI,22A",MILANO,,MI,15146,20151,8,65,Q.RE GALLARATESE - Q.RE SAN LEONARDO - LAMPUGNANO,9.1004663,45.50408772,"(45.50408772, 9.1004663)",9.1004663,45.50408772,65,8,Q.Re Gallaratese - Q.Re San Leonardo - Lampugnano,741.3009568503926,49.5,45.6,3332,3.0,28.3,Zona bilanciata
MI1833,SEMPIONE DI GHEZA & C. SNC,8435470961,"CORSO SEMPIONE, 5",MILANO,,MI,15146,20145,1,68,PAGANO,9.1706103409,45.4767415931,"(45.4767415931, 9.1706103409)",9.1706103409,45.4767415931,68,1,Pagano,114.6412776854266,32.0,65.1,2942,3.4,23.9,Zona bilanciata
MI0912,A.F.M. N. 62,13195220150,"VIA ILLIRICO, 11",MILANO,,MI,15146,20133,3,22,CITTA' STUDI,9.2322484261,45.4706391066,"(45.4706391066, 9.2322484261)",9.2322484261,45.4706391066,22,3,Citta' Studi,191.5905540522557,36.7,68.1,3248,3.08,24.2,Zona bilanciata
MI2025,SACCA SRL,3706040361,"VIA DELLE FORZE ARMATE,212",MILANO,,MI,15146,20152,7,56,FORZE ARMATE,9.11214,45.46067,"(45.46067, 9.11214)",9.11214,45.46067,56,7,Forze Armate,547.9342061594564,67.1,31.0,4198,2.38,25.1,Zona servizi senior
MI1685,MONTEGANI SRL UNIPERSONALE,5133410968,"VIA ANTON GIULIO BARRILI, 20",MILANO,,MI,15146,20141,5,42,STADERA - CHIESA ROSSA - Q.RE TORRETTA - CONCA FALLATA,9.1774290191,45.4338555855,"(45.4338555855, 9.1774290191)",9.1774290191,45.4338555855,42,5,Stadera - Chiesa Rossa - Q.Re Torretta - Conca Fallata,346.995316185117,61.9,34.7,4124,2.42,22.8,Zona bilanciata
MI1880,SANTA GIULIA SAS,10092130961,"VIA ROMUALDO BONFADINI, 87",MILANO,,MI,15146,20138,4,30,TALIEDO - MORSENCHIO - Q.RE FORLANINI,9.2442037022,45.4446901174,"(45.4446901174, 9.2442037022)",9.2442037022,45.4446901174,30,4,Taliedo - Morsenchio - Q.Re Forlanini,136.4171056220868,39.5,62.2,3270,3.06,23.7,Zona bilanciata
MI1616,SANTA MARIA NASCENTE SNC,12827200150,"VIA PERGINE, 2",MILANO,,MI,15146,20148,8,66,QT 8,9.1376789329,45.4872745022,"(45.4872745022, 9.1376789329)",9.1376789329,45.4872745022,66,8,Qt 8,387.3050186775361,26.8,54.6,1988,5.03,26.6,Zona bilanciata
MI1626,MACCIONI SNC,13148090155,"VIA LEPONTINA, 13",MILANO,,MI,15146,20159,9,11,ISOLA,9.18440578,45.4933460175,"(45.4933460175, 9.18440578)",9.18440578,45.4933460175,11,9,Isola,366.335366660424,30.3,59.7,3165,3.16,20.5,Zona pressione parafarmacie
MI0680,A.F.M. N. 26,13195220150,"VIA CESARE PASCARELLA, 22",MILANO,,MI,15146,20157,8,76,QUARTO OGGIARO - VIALBA - MUSOCCO,9.1432167725,45.5170479862,"(45.5170479862, 9.1432167725)",9.1432167725,45.5170479862,76,8,Quarto Oggiaro - Vialba - Musocco,204.5790479522574,43.7,60.5,3657,2.73,21.2,Zona bilanciata
MI1710,AFFORI DEL DR. LUIGI WAIFER SPAGGIARI & C. SAS,5513770965,"VIA ALESSANDRO ZANOLI, 3",MILANO,,MI,15146,20161,9,80,AFFORI,9.1717549736,45.5157415827,"(45.5157415827, 9.1717549736)",9.1717549736,45.5157415827,80,9,Affori,178.7050244152833,79.6,30.7,6493,1.54,19.4,Zona ad alto potenziale non satura
MI1903,STAZIONE CENTRALE FARMA ACQUISITION SRL,2489000998,PIAZZA DUCA D'AOSTA,MILANO,,MI,15146,20125,2,10,STAZIONE CENTRALE - PONTE SEVESO,9.2051291136,45.4848714943,"(45.4848714943, 9.2051291136)",9.2051291136,45.4848714943,10,2,Stazione Centrale - Ponte Seveso,253.1648598834397,6.7,90.0,1717,5.82,21.7,Zona molto competitiva
MI2013,SCALABRINI SRL SOCIETA' A SOCIO UNICO,12684210961,"LARGO GIOVANNI BATTISTA SCALABRINI, 6",MILANO,,MI,15146,20146,6,49,GIAMBELLINO,9.1411632063,45.4498050899,"(45.4498050899, 9.1411632063)",9.1411632063,45.4498050899,49,6,Giambellino,250.9858605476584,61.5,51.3,4371,2.29,22.0,Zona bilanciata
MI0888,A.F.M. N. 50,13195220150,"VIA ANDREA MARIA AMPE'RE, 87",MILANO,,MI,15146,20131,3,22,CITTA' STUDI,9.2262914913,45.4857417035,"(45.4857417035, 9.2262914913)",9.2262914913,45.4857417035,22,3,Citta' Studi,262.1883163787149,36.7,68.1,3248,3.08,24.2,Zona bilanciata
MI0925,A.F.M. N. 67,13195220150,"VIA CASORETTO, 1",MILANO,,MI,15146,20131,3,20,LORETO - CASORETTO - NOLO,9.2250744389,45.4888756133,"(45.4888756133, 9.2250744389)",9.2250744389,45.4888756133,20,3,Loreto - Casoretto - Nolo,188.3674373679847,44.6,58.1,3548,2.82,18.4,Zona bilanciata
MI2058,MILANO SOLFERINO,12283700966,"VIA SOLFERINO, 25",MILANO,,MI,15146,20121,1,2,BRERA,9.1880358146,45.4780171092,"(45.4780171092, 9.1880358146)",9.1880358146,45.4780171092,2,1,Brera,295.2992223322714,6.0,93.1,1294,7.73,24.3,Zona molto competitiva
MI1899,DE POLI SAS DR.SSA DE POLI MARIACHIARA & C,10320280968,"VIALE LOMBARDIA, 65",MILANO,,MI,15146,20131,3,20,LORETO - CASORETTO - NOLO,9.2233348588,45.486865591,"(45.486865591, 9.2233348588)",9.2233348588,45.486865591,20,3,Loreto - Casoretto - Nolo,261.4261762999279,44.6,58.1,3548,2.82,18.4,Zona bilanciata
MI0696,A.F.M. N. 35,13195220150,"VIA POLICARPO PETROCCHI, 21",MILANO,,MI,15146,20127,2,19,PADOVA - TURRO - CRESCENZAGO,9.2250306854,45.5028189931,"(45.5028189931, 9.2250306854)",9.2250306854,45.5028189931,19,2,Padova - Turro - Crescenzago,279.06046885745,61.9,48.4,4747,2.11,20.1,Zona bilanciata
MI1933,LEONCAVALLO SRL,2944080841,"VIA FRANCESCO PREDABISSI, 1",MILANO,,MI,15146,20131,2,20,LORETO - CASORETTO - NOLO,9.2232501177,45.4899865088,"(45.4899865088, 9.2232501177)",9.2232501177,45.4899865088,20,2,Loreto - Casoretto - Nolo,188.3674373679847,44.6,58.1,3548,2.82,18.4,Zona bilanciata
MI1670,UMBRIA SAS DI U.POZZI & C.,4622770966,"VIALE UMBRIA, 109",MILANO,,MI,15146,20135,4,26,XXII MARZO,9.2170701405,45.4580996956,"(45.4580996956, 9.2170701405)",9.2170701405,45.4580996956,26,4,Xxii Marzo,260.0522814969937,23.6,73.0,2227,4.49,24.2,Zona molto competitiva
MI1717,PAOLO SARPI SRL,5565080966,"VIA PAOLO SARPI, 25",MILANO,,MI,15146,20154,1,69,SARPI,9.1761424808,45.4813438028,"(45.4813438028, 9.1761424808)",9.1761424808,45.4813438028,69,1,Sarpi,264.7415845972839,14.6,88.6,2177,4.59,20.6,Zona molto competitiva
MI0903,A.F.M. N. 14,13195220150,"VIA GRIGNA, 9",MILANO,,MI,15146,20155,8,70,GHISOLFA,9.1567609222,45.4930624159,"(45.4930624159, 9.1567609222)",9.1567609222,45.4930624159,70,8,Ghisolfa,296.7098872269166,86.0,29.1,6208,1.61,20.9,Zona ad alto potenziale non satura
MI1863,CORSO VERCELLI,9479870967,"VIA FRANCESCO CHERUBINI, 2",MILANO,,MI,15146,20145,7,68,PAGANO,9.1596663413,45.466798309,"(45.466798309, 9.1596663413)",9.1596663413,45.466798309,68,7,Pagano,338.2331803876339,32.0,65.1,2942,3.4,23.9,Zona bilanciata
MI0025,FARMACEUTICA BRAMANTE,1032620153,"VIA GIOVANNI PACINI, 30",MILANO,,MI,15146,20131,3,22,CITTA' STUDI,9.2295016764,45.4821645168,"(45.4821645168, 9.2295016764)",9.2295016764,45.4821645168,22,3,Citta' Studi,357.6296039983805,36.7,68.1,3248,3.08,24.2,Zona bilanciata
MI1639,LESSONA,3318210964,"VIA PRIVATA ANTONIO GAZZOLETTI, 3",MILANO,,MI,15146,20157,8,76,QUARTO OGGIARO - VIALBA - MUSOCCO,9.136054101,45.5175267186,"(45.5175267186, 9.136054101)",9.136054101,45.5175267186,76,8,Quarto Oggiaro - Vialba - Musocco,207.6684797291795,43.7,60.5,3657,2.73,21.2,Zona bilanciata
MI2006,FALQUI MILANO SRL,12620740964,"VIALE ZARA, 145",MILANO,,MI,15146,20159,9,12,MACIACHINI - MAGGIOLINA,9.1970716739,45.5008422888,"(45.5008422888, 9.1970716739)",9.1970716739,45.5008422888,12,9,Maciachini - Maggiolina,138.8669950622452,48.2,60.4,3768,2.65,23.4,Zona bilanciata
MI1831,CONFALONIERI SNC,8830300961,"VIALE MONZA, 63",MILANO,,MI,15146,20125,2,20,LORETO - CASORETTO - NOLO,9.2186260732,45.4931777928,"(45.4931777928, 9.2186260732)",9.2186260732,45.4931777928,20,2,Loreto - Casoretto - Nolo,217.6669674186818,44.6,58.1,3548,2.82,18.4,Zona bilanciata
MI1952,TADINI SAS DI FARMACIA CINQUE GIORNATE SNC DI VINCENZO E SILVIO BUCCARELLI,11293140965,"PIAZZA DEL TRICOLORE, 2",MILANO,,MI,15146,20129,1,4,GUASTALLA,9.2063002331,45.4675570808,"(45.4675570808, 9.2063002331)",9.2063002331,45.4675570808,4,1,Guastalla,257.795378549197,16.7,84.4,2198,4.55,25.1,Zona molto competitiva
MI1875,ALLEANZA DOTT. BERCHI DI FACCINI TIZIANA E C SAS,9915720966,"VIA CESARE CORRENTI, 2",MILANO,,MI,15146,20123,1,1,DUOMO,9.1806282239,45.4600935827,"(45.4600935827, 9.1806282239)",9.1806282239,45.4600935827,1,1,Duomo,101.1725227320975,1.1,99.0,636,15.73,24.0,Zona molto competitiva
MI1674,VENTO,4727500961,"VIA GIACOMO QUARENGHI, 40",MILANO,,MI,15146,20151,8,65,Q.RE GALLARATESE - Q.RE SAN LEONARDO - LAMPUGNANO,9.1111877603,45.4988494075,"(45.4988494075, 9.1111877603)",9.1111877603,45.4988494075,65,8,Q.Re Gallaratese - Q.Re San Leonardo - Lampugnano,368.9027294289128,49.5,45.6,3332,3.0,28.3,Zona bilanciata
MI2036,SAN MATTEO SAS DELLA DR.SSA CASTAGNOLA LAURA ENRICA,13781710960,"VIA MATTEO CIVITALI, 41",MILANO,,MI,15146,20148,7,60,STADIO - IPPODROMI,9.1320650695,45.4723319157,"(45.4723319157, 9.1320650695)",9.1320650695,45.4723319157,60,7,Stadio - Ippodromi,205.0245113060743,42.8,52.7,3231,3.1,22.7,Zona bilanciata
MI1705,BICOCCA DR.GANDOLFI SNC DI ALESSANDRO E MATILDE GANDOLFI,5381100964,"VIALE GIOVANNI SUZZANI, 273",MILANO,,MI,15146,20162,9,14,NIGUARDA - CA' GRANDA - PRATO CENTENARO - Q.RE FULVIO TESTI,9.2084158255,45.5260657824,"(45.5260657824, 9.2084158255)",9.2084158255,45.5260657824,14,9,Niguarda - Ca' Granda - Prato Centenaro - Q.Re Fulvio Testi,436.8294628868005,60.0,45.7,4030,2.48,25.7,Zona servizi senior
MI1809,ORIO SNC,7830220963,"PIAZZA 6 FEBBRAIO, 16",MILANO,,MI,15146,20145,8,68,PAGANO,9.1615847075,45.4775665819,"(45.4775665819, 9.1615847075)",9.1615847075,45.4775665819,68,8,Pagano,370.6633606470848,32.0,65.1,2942,3.4,23.9,Zona bilanciata
MI2066,PADOVA SAS DEL DOTT. TOMMASO LATELLA E C.,14352180963,"VIA PRIVATA ATENE, 2",MILANO,,MI,15146,20132,2,19,PADOVA - TURRO - CRESCENZAGO,9.2330696011,45.4983151031,"(45.4983151031, 9.2330696011)",9.2330696011,45.4983151031,19,2,Padova - Turro - Crescenzago,252.176459008673,61.9,48.4,4747,2.11,20.1,Zona bilanciata
MI1999,VIGENTINO SRL,12453830965,"VIA GIUSEPPE RIPAMONTI, 108",MILANO,,MI,15146,20141,5,37,MORIVIONE,9.1996854028,45.4399380812,"(45.4399380812, 9.1996854028)",9.1996854028,45.4399380812,37,5,Morivione,436.165251144973,80.9,24.8,7665,1.3,21.3,Zona ad alto potenziale non satura
MI1977,CAMPIONI SRL,12086340960,"VIALE SAN GIMIGNANO, 30",MILANO,,MI,15146,20146,6,52,BANDE NERE,9.1367871822,45.4590097188,"(45.4590097188, 9.1367871822)",9.1367871822,45.4590097188,52,6,Bande Nere,206.3519858601705,50.6,50.5,3672,2.72,24.9,Zona bilanciata
MI0902,A.F.M. N. 55,13195220150,"VIA CARLO IMBONATI, 24",MILANO,,MI,15146,20159,9,79,DERGANO,9.1824574904,45.5021509973,"(45.5021509973, 9.1824574904)",9.1824574904,45.5021509973,79,9,Dergano,500.5055344180254,62.8,26.6,4780,2.09,17.1,Zona bilanciata
MI1714,FORMAGGIA SAS DI TRAVIERSO ANTONIETTA,5525360961,"CORSO BUENOS AIRES, 4",MILANO,,MI,15146,20124,3,21,BUENOS AIRES - PORTA VENEZIA - PORTA MONFORTE,9.2062301604,45.4754035061,"(45.4754035061, 9.2062301604)",9.2062301604,45.4754035061,21,3,Buenos Aires - Porta Venezia - Porta Monforte,142.2370365945709,18.0,85.7,2213,4.52,23.3,Zona molto competitiva
MI1662,MAZZOLENI SRL,4047520962,"VIA NICOLA PICCINNI, 3",MILANO,,MI,15146,20131,3,21,BUENOS AIRES - PORTA VENEZIA - PORTA MONFORTE,9.2144167652,45.4831837143,"(45.4831837143, 9.2144167652)",9.2144167652,45.4831837143,21,3,Buenos Aires - Porta Venezia - Porta Monforte,169.4487300774924,18.0,85.7,2213,4.52,23.3,Zona molto competitiva
MI1968,FARAM SNC DI ALBERO DUE SRL (EX SANT' EUSTORGIO),3860200967,"CORSO DI PORTA TICINESE, 98",MILANO,,MI,15146,20123,1,6,PORTA TICINESE - CONCA DEL NAVIGLIO,9.1803023355,45.453774885,"(45.453774885, 9.1803023355)",9.1803023355,45.453774885,6,1,Porta Ticinese - Conca Del Naviglio,219.8720573038861,11.9,88.2,2010,4.98,21.9,Zona molto competitiva
MI2010,PISANI 26 SRL,12659860964,"VIA VITTOR PISANI, 26",MILANO,,MI,15146,20124,2,10,STAZIONE CENTRALE - PONTE SEVESO,9.2023209246,45.4834663102,"(45.4834663102, 9.2023209246)",9.2023209246,45.4834663102,10,2,Stazione Centrale - Ponte Seveso,208.5057967860486,6.7,90.0,1717,5.82,21.7,Zona molto competitiva
MI1990,SANTA RITA SRL,12091650965,"PIAZZALE GABRIELE ROSA, 11",MILANO,,MI,15146,20139,4,35,LODI - CORVETTO,9.2238112023,45.4380778854,"(45.4380778854, 9.2238112023)",9.2238112023,45.4380778854,35,4,Lodi - Corvetto,222.874051139222,68.7,34.2,4614,2.17,22.0,Zona bilanciata
MI1854,TOLSTOJ,9287610969,"VIA LEONE TOLSTOI, 17",MILANO,,MI,15146,20146,6,49,GIAMBELLINO,9.1508142972,45.4510863058,"(45.4510863058, 9.1508142972)",9.1508142972,45.4510863058,49,6,Giambellino,299.5053091156466,61.5,51.3,4371,2.29,22.0,Zona bilanciata
MI0666,A.F.M. N. 25,13195220150,"VIA DELLE FORZE ARMATE, 44",MILANO,,MI,15146,20147,7,52,BANDE NERE,9.1323710927,45.4635986013,"(45.4635986013, 9.1323710927)",9.1323710927,45.4635986013,52,7,Bande Nere,365.0326818184927,50.6,50.5,3672,2.72,24.9,Zona bilanciata
MI1675,TARANTINO,2061270167,"RIPA DI PORTA TICINESE, 33",MILANO,,MI,15146,20143,6,44,PORTA TICINESE - CONCHETTA,9.1745795911,45.4515502022,"(45.4515502022, 9.1745795911)",9.1745795911,45.4515502022,44,6,Porta Ticinese - Conchetta,414.0926103901946,16.6,88.6,2354,4.25,20.2,Zona molto competitiva
MI1656,FARAM SNC DI ALBERO DUE SRL (EX SUZZANI),3860200967,"VIALE GIOVANNI SUZZANI, 18",MILANO,,MI,15146,20162,9,14,NIGUARDA - CA' GRANDA - PRATO CENTENARO - Q.RE FULVIO TESTI,9.1979164859,45.5062720857,"(45.5062720857, 9.1979164859)",9.1979164859,45.5062720857,14,9,Niguarda - Ca' Granda - Prato Centenaro - Q.Re Fulvio Testi,320.0983858700198,60.0,45.7,4030,2.48,25.7,Zona servizi senior
MI0054,COOP.FARM.PLINIO,774640155,"VIA PLINIO, 1",MILANO,,MI,15146,20129,3,21,BUENOS AIRES - PORTA VENEZIA - PORTA MONFORTE,9.2113743858,45.4799798157,"(45.4799798157, 9.2113743858)",9.2113743858,45.4799798157,21,3,Buenos Aires - Porta Venezia - Porta Monforte,78.21442502376173,18.0,85.7,2213,4.52,23.3,Zona molto competitiva
MI0639,A.F.M. N. 82,13195220150,"VIA PIETRO TOSELLI, 2",MILANO,,MI,15146,20127,2,19,PADOVA - TURRO - CRESCENZAGO,9.234874141,45.5001975109,"(45.5001975109, 9.234874141)",9.234874141,45.5001975109,19,2,Padova - Turro - Crescenzago,252.176459008673,61.9,48.4,4747,2.11,20.1,Zona bilanciata
MI0862,A.F.M. N. 49,13195220150,"VIA FRATELLI ZANZOTTERA, 12",MILANO,,MI,15146,20153,7,63,FIGINO,9.0731469957,45.4929295208,"(45.4929295208, 9.0731469957)",9.0731469957,45.4929295208,63,7,Figino,2173.502581146967,32.8,38.9,2592,3.86,20.1,Zona bilanciata
MI1742,BALDINI SNC & C.,6161300964,"CORSO BUENOS AIRES, 39",MILANO,,MI,15146,20124,3,21,BUENOS AIRES - PORTA VENEZIA - PORTA MONFORTE,9.2103712397,45.4799728168,"(45.4799728168, 9.2103712397)",9.2103712397,45.4799728168,21,3,Buenos Aires - Porta Venezia - Porta Monforte,78.21442502376173,18.0,85.7,2213,4.52,23.3,Zona molto competitiva
MI2067,BACONE SAS DEL DR. M. GIANOTTI,14457220961,"VIA CARLO MATTEUCCI, 4",MILANO,,MI,15146,20129,3,21,BUENOS AIRES - PORTA VENEZIA - PORTA MONFORTE,9.2165782904,45.4810438144,"(45.4810438144, 9.2165782904)",9.2165782904,45.4810438144,21,3,Buenos Aires - Porta Venezia - Porta Monforte,216.6311792364184,18.0,85.7,2213,4.52,23.3,Zona molto competitiva
MI1995,ZANOTTA SAS,12308750962,"VIA LUIGI PULCI, 19",MILANO,,MI,15146,20126,9,15,BICOCCA,9.2076140126,45.5144560922,"(45.5144560922, 9.2076140126)",9.2076140126,45.5144560922,15,9,Bicocca,372.1532999115925,40.6,48.6,4350,2.3,17.4,Zona pressione parafarmacie
MI2028,DR.MAX MILANO SAINT BON,12283700966,"VIA SIMONE SAINT BON, 2",MILANO,,MI,15146,20147,7,56,FORZE ARMATE,9.120169221,45.4611284125,"(45.4611284125, 9.120169221)",9.120169221,45.4611284125,56,7,Forze Armate,393.3519961798734,67.1,31.0,4198,2.38,25.1,Zona servizi senior
MI0655,A.F.M. N. 06,13195220150,PIAZZA MONTI GIOSIA,MILANO,,MI,15146,20153,7,62,QUINTO ROMANO,9.0888041393,45.4754721119,"(45.4754721119, 9.0888041393)",9.0888041393,45.4754721119,62,7,Quinto Romano,1344.194449535641,78.7,18.5,4795,2.09,27.4,Zona ad alto potenziale non satura
MI1841,AMADEO SAS,8906970960,"VIA GIOVANNI ANTONIO AMADEO,40",MILANO,,MI,15146,20133,3,22,CITTA' STUDI,9.23468806,45.47084349,"(45.47084349, 9.23468806)",9.23468806,45.47084349,22,3,Citta' Studi,191.5905540522557,36.7,68.1,3248,3.08,24.2,Zona bilanciata
MI2024,DEL LAZZARETTO DR. MOIA FABIO,13432380965,"VIA PANFILO CASTALDI, 29",MILANO,,MI,15146,20124,3,21,BUENOS AIRES - PORTA VENEZIA - PORTA MONFORTE,9.2035751088,45.4765286089,"(45.4765286089, 9.2035751088)",9.2035751088,45.4765286089,21,3,Buenos Aires - Porta Venezia - Porta Monforte,241.882800697377,18.0,85.7,2213,4.52,23.3,Zona molto competitiva
MI1731,ANTICA FARMACIA DI BRERA SRL,5824090962,"VIA FIORI OSCURI, 3",MILANO,,MI,15146,20121,1,2,BRERA,9.1880176259,45.4724609132,"(45.4724609132, 9.1880176259)",9.1880176259,45.4724609132,2,1,Brera,300.9008557947212,6.0,93.1,1294,7.73,24.3,Zona molto competitiva
MI1936,MAC MAHON SRL,11028410964,"VIA PRINCIPE EUGENIO, 19",MILANO,,MI,15146,20155,8,70,GHISOLFA,9.1640461372,45.4896669907,"(45.4896669907, 9.1640461372)",9.1640461372,45.4896669907,70,8,Ghisolfa,319.932292916724,86.0,29.1,6208,1.61,20.9,Zona ad alto potenziale non satura
MI1930,SANTA CHIARA SNC DOTTORI COLOMBO LEONI ALFREDO ANDREA AMRIA E ANNA GIULIA MARIA,10921980966,"VIA CRESCENZAGO, 36",MILANO,,MI,15146,20134,3,18,CIMIANO - ROTTOLE - Q.RE FELTRE,9.2418468787,45.4893082033,"(45.4893082033, 9.2418468787)",9.2418468787,45.4893082033,18,3,Cimiano - Rottole - Q.Re Feltre,334.2645210239615,41.4,58.1,3250,3.08,25.7,Zona bilanciata
MI1730,PLEBISCITI SAS DEL DOTTOR DANESI PIETRO & C.,5752130962,"CORSO PLEBISCITI, 7",MILANO,,MI,15146,20129,3,21,BUENOS AIRES - PORTA VENEZIA - PORTA MONFORTE,9.2187097246,45.4681741984,"(45.4681741984, 9.2187097246)",9.2187097246,45.4681741984,21,3,Buenos Aires - Porta Venezia - Porta Monforte,313.0682859158645,18.0,85.7,2213,4.52,23.3,Zona molto competitiva
MI1851,GASTALDI DI DR.PIETRO BENZI & C. SNC,9162190962,"VIA PRIVATA CESARE FACCIOLI, 2",MILANO,,MI,15146,20152,7,55,BAGGIO - Q.RE DEGLI OLMI - Q.RE VALSESIA,9.0918988218,45.4610668893,"(45.4610668893, 9.0918988218)",9.0918988218,45.4610668893,55,7,Baggio - Q.Re Degli Olmi - Q.Re Valsesia,431.3968612288433,79.5,26.2,6137,1.63,24.5,Zona ad alto potenziale non satura
MI2051,MILANO SETTEMBRINI,12283700966,"VIA LUIGI SETTEMBRINI, 39",MILANO,,MI,15146,20124,2,10,STAZIONE CENTRALE - PONTE SEVESO,9.2080673898,45.4839020015,"(45.4839020015, 9.2080673898)",9.2080673898,45.4839020015,10,2,Stazione Centrale - Ponte Seveso,212.1949928138029,6.7,90.0,1717,5.82,21.7,Zona molto competitiva
MI1734,AL PORTELLO SNC,5858450967,"VIA GROSOTTO, 5",MILANO,,MI,15146,20149,8,71,VILLAPIZZONE - CAGNOLA - BOLDINASCO,9.1474219734,45.4912336941,"(45.4912336941, 9.1474219734)",9.1474219734,45.4912336941,71,8,Villapizzone - Cagnola - Boldinasco,285.0426919391286,59.3,48.2,4645,2.15,20.5,Zona bilanciata
MI1279,FORLANINI,9833270151,"VIALE ENRICO FORLANINI,50",MILANO,,MI,15146,20138,4,30,TALIEDO - MORSENCHIO - Q.RE FORLANINI,9.2439,45.46187,"(45.46187, 9.2439)",9.2439,45.46187,30,4,Taliedo - Morsenchio - Q.Re Forlanini,383.0074243071392,39.5,62.2,3270,3.06,23.7,Zona bilanciata
MI1983,CANEVA SRL,12113350966,"PIAZZA CARLO CANEVA, 3",MILANO,,MI,15146,20154,8,69,SARPI,9.1615251122,45.4872792799,"(45.4872792799, 9.1615251122)",9.1615251122,45.4872792799,69,8,Sarpi,330.3212730170729,14.6,88.6,2177,4.59,20.6,Zona molto competitiva
MI1605,CALDARINI,12950980156,"VIA ANTONIO GROSSICH, 15",MILANO,,MI,15146,20131,3,22,CITTA' STUDI,9.2340883376,45.4821146026,"(45.4821146026, 9.2340883376)",9.2340883376,45.4821146026,22,3,Citta' Studi,232.1523956067163,36.7,68.1,3248,3.08,24.2,Zona bilanciata
MI1826,NUOVA FARMACIA BERETTA SNC,8586580964,"VIALE BLIGNY, 47",MILANO,,MI,15146,20136,5,5,PORTA VIGENTINA - PORTA LODOVICA,9.1963943323,45.4510715955,"(45.4510715955, 9.1963943323)",9.1963943323,45.4510715955,5,5,Porta Vigentina - Porta Lodovica,261.8894075733478,11.9,81.1,1935,5.17,23.7,Zona molto competitiva
MI0887,A.F.M. N. 47,13195220150,"VIA VINCENZO FOPPA, 5",MILANO,,MI,15146,20144,6,50,PORTA GENOVA,9.1640213268,45.4586811901,"(45.4586811901, 9.1640213268)",9.1640213268,45.4586811901,50,6,Porta Genova,151.7811528241024,44.6,55.7,3775,2.65,23.8,Zona pressione parafarmacie
MI1206,GIAMBELLINO,9013310157,"VIA GIAMBELLINO, 64",MILANO,,MI,15146,20146,6,49,GIAMBELLINO,9.1443745648,45.4494419021,"(45.4494419021, 9.1443745648)",9.1443745648,45.4494419021,49,6,Giambellino,253.7435931988364,61.5,51.3,4371,2.29,22.0,Zona bilanciata
MI2045,GESTIONI SAN GIUSEPPE SRL,4638170961,"VIA SAN VITTORE, 12",MILANO,,MI,15146,20123,1,7,MAGENTA - S. VITTORE,9.1718003197,45.4630007201,"(45.4630007201, 9.1718003197)",9.1718003197,45.4630007201,7,1,Magenta - S. Vittore,342.4928728327962,7.0,92.1,1805,5.54,22.3,Zona molto competitiva
MI1965,CA' GRANDA SRL,11485280967,"VIA MICHELE DE ANGELIS, 15",MILANO,,MI,15146,20162,9,14,NIGUARDA - CA' GRANDA - PRATO CENTENARO - Q.RE FULVIO TESTI,9.19323008,45.5067565178,"(45.5067565178, 9.19323008)",9.19323008,45.5067565178,14,9,Niguarda - Ca' Granda - Prato Centenaro - Q.Re Fulvio Testi,347.4634678668005,60.0,45.7,4030,2.48,25.7,Zona servizi senior
MI1801,MONTE ROSA SAS DEI DOTTORI ANTONIOLI ANDREA MARIA E ANTONIOLI CARLO MARIA,7601070969,VIA ELEUTERIO PAGLIANO 1A,MILANO,,MI,15146,20149,7,58,DE ANGELI - MONTE ROSA,9.1480450002,45.4756068091,"(45.4756068091, 9.1480450002)",9.1480450002,45.4756068091,58,7,De Angeli - Monte Rosa,301.8650892548174,34.7,58.3,2394,4.18,24.0,Zona bilanciata
MI1955,TICINESE FARMA SRL - STAZIONE PORTA GENOVA,6819600963,PIAZZALE STAZIONE GENOVA,MILANO,,MI,15146,20144,6,44,PORTA TICINESE - CONCHETTA,9.1700202549,45.4537560048,"(45.4537560048, 9.1700202549)",9.1700202549,45.4537560048,44,6,Porta Ticinese - Conchetta,123.5325794089278,16.6,88.6,2354,4.25,20.2,Zona molto competitiva
MI1363,ALZAIA PAVESE SNC,4130990965,"VIA MARIO PICHI, 9",MILANO,,MI,15146,20143,6,44,PORTA TICINESE - CONCHETTA,9.1752514006,45.4472330191,"(45.4472330191, 9.1752514006)",9.1752514006,45.4472330191,44,6,Porta Ticinese - Conchetta,306.3251473852788,16.6,88.6,2354,4.25,20.2,Zona molto competitiva
MI0684,A.F.M. N. 28,13195220150,"VIA TEODOSIO, 74",MILANO,,MI,15146,20131,3,20,LORETO - CASORETTO - NOLO,9.2300875714,45.4882144069,"(45.4882144069, 9.2300875714)",9.2300875714,45.4882144069,20,3,Loreto - Casoretto - Nolo,252.0105104208244,44.6,58.1,3548,2.82,18.4,Zona bilanciata
MI1898,RUBATTINO SAS DOTT. GARELLO GIOVANNI & C,10343180963,"VIA RICCARDO PITTERI, 93",MILANO,,MI,15146,20134,3,23,LAMBRATE - ORTICA,9.2458345691,45.4792888954,"(45.4792888954, 9.2458345691)",9.2458345691,45.4792888954,23,3,Lambrate - Ortica,532.2077709477616,70.9,26.4,6327,1.58,18.4,Zona ad alto potenziale non satura
MI1422,INTERNAZIONALE BOLIVAR,11022640152,"PIAZZA SIMONE BOLIVAR, 11",MILANO,,MI,15146,20146,6,49,GIAMBELLINO,9.1518964009,45.4547307992,"(45.4547307992, 9.1518964009)",9.1518964009,45.4547307992,49,6,Giambellino,244.980399528361,61.5,51.3,4371,2.29,22.0,Zona bilanciata
MI0897,A.F.M. N. 48,13195220150,"VIALE ABRUZZI, 4",MILANO,,MI,15146,20131,3,21,BUENOS AIRES - PORTA VENEZIA - PORTA MONFORTE,9.217427461,45.474123799,"(45.474123799, 9.217427461)",9.217427461,45.474123799,21,3,Buenos Aires - Porta Venezia - Porta Monforte,264.9892786263493,18.0,85.7,2213,4.52,23.3,Zona molto competitiva
MI1381,GRILLI SAS DELLA DR.SSA LUISA GRILLI,10739420155,"VIA CARLO DOLCI, 6",MILANO,,MI,15146,20148,7,57,SAN SIRO,9.1434870051,45.4719833124,"(45.4719833124, 9.1434870051)",9.1434870051,45.4719833124,57,7,San Siro,315.542532620981,61.1,49.1,4282,2.34,20.9,Zona bilanciata
MI1926,COLONNE DI SAN LORENZO DOTT.SSA STRAZIOTA CATERINA & C SNC,10823840961,"CORSO DI PORTA TICINESE, 24",MILANO,,MI,15146,20123,1,1,DUOMO,9.1809230154,45.4583887874,"(45.4583887874, 9.1809230154)",9.1809230154,45.4583887874,1,1,Duomo,190.9538245816579,1.1,99.0,636,15.73,24.0,Zona molto competitiva
MI0703,A.F.M. N. 34,13195220150,"VIA CARLO MAROCHETTI,9",MILANO,,MI,15146,20139,4,35,LODI - CORVETTO,9.2261121,45.4392657,"(45.4392657, 9.2261121)",9.2261121,45.4392657,35,4,Lodi - Corvetto,222.874051139222,68.7,34.2,4614,2.17,22.0,Zona bilanciata
MI1837,CORDUSIO SNC,8741670965,"VIA SANTA MARIA SEGRETA, 6",MILANO,,MI,15146,20123,1,1,DUOMO,9.1850950239,45.4657216954,"(45.4657216954, 9.1850950239)",9.1850950239,45.4657216954,1,1,Duomo,100.451113207937,1.1,99.0,636,15.73,24.0,Zona molto competitiva
MI0052,COOP.FARM.S.AGNESE,774640155,"GIARDINO ARISTIDE CALDERINI, 3",MILANO,,MI,15146,20123,1,1,DUOMO,9.177547623,45.4650073058,"(45.4650073058, 9.177547623)",9.177547623,45.4650073058,1,1,Duomo,175.0370646274155,1.1,99.0,636,15.73,24.0,Zona molto competitiva
MI1817,DEL DUOMO SAS DI HIPPO 41 FARMA SRL,8052330969,VIA SAN CLEMENTE,MILANO,,MI,15146,20122,1,1,DUOMO,9.1936476245,45.4629570085,"(45.4629570085, 9.1936476245)",9.1936476245,45.4629570085,1,1,Duomo,250.0877571688616,1.1,99.0,636,15.73,24.0,Zona molto competitiva
MI1976,MONTI SRL,12062180968,"VIA LUIGI VARANINI, 19",MILANO,,MI,15146,20127,2,20,LORETO - CASORETTO - NOLO,9.2157510804,45.4930381083,"(45.4930381083, 9.2157510804)",9.2157510804,45.4930381083,20,2,Loreto - Casoretto - Nolo,224.6349578394396,44.6,58.1,3548,2.82,18.4,Zona bilanciata
MI1906,LAFARMACIA.BONOLA SRL,10425280962,VIA UGO BETTI 159B,MILANO,,MI,15146,20151,8,65,Q.RE GALLARATESE - Q.RE SAN LEONARDO - LAMPUGNANO,9.1090130755,45.4959027076,"(45.4959027076, 9.1090130755)",9.1090130755,45.4959027076,65,8,Q.Re Gallaratese - Q.Re San Leonardo - Lampugnano,368.9027294289128,49.5,45.6,3332,3.0,28.3,Zona bilanciata
MI0659,A.F.M. N. 15,13195220150,"VIA PIER LOMBARDO, 19",MILANO,,MI,15146,20135,4,27,PTA ROMANA,9.2075634697,45.4538858195,"(45.4538858195, 9.2075634697)",9.2075634697,45.4538858195,27,4,Pta Romana,394.5281651556854,25.8,78.4,2692,3.71,21.9,Zona molto competitiva
MI1547,CASTELVETRO SNC DI TAGLIABUE EMILIANO E POZZO FRANCESCA,11973480152,"VIA PIERO DELLA FRANCESCA, 38",MILANO,,MI,15146,20154,8,69,SARPI,9.1636925047,45.4841120939,"(45.4841120939, 9.1636925047)",9.1636925047,45.4841120939,69,8,Sarpi,284.6611226629535,14.6,88.6,2177,4.59,20.6,Zona molto competitiva
MI1944,CHIESA ROSSA SAS DI NORBERTO LUMINI & C,11077810965,"VIA MEDEGHINO, 27",MILANO,,MI,15146,20141,5,42,STADERA - CHIESA ROSSA - Q.RE TORRETTA - CONCA FALLATA,9.1797114951,45.4308932952,"(45.4308932952, 9.1797114951)",9.1797114951,45.4308932952,42,5,Stadera - Chiesa Rossa - Q.Re Torretta - Conca Fallata,374.4595341126668,61.9,34.7,4124,2.42,22.8,Zona bilanciata
MI1789,GENOVA SRL,7210180969,"CORSO GENOVA, 27",MILANO,,MI,15146,20123,1,6,PORTA TICINESE - CONCA DEL NAVIGLIO,9.1743609073,45.4562501029,"(45.4562501029, 9.1743609073)",9.1743609073,45.4562501029,6,1,Porta Ticinese - Conca Del Naviglio,67.74058244357882,11.9,88.2,2010,4.98,21.9,Zona molto competitiva
MI1844,NUOVA FARMACIA FATEBENEFRATELLI SRL,8965060968,PIAZZALE PRINCIPESSA CLOTILDE,MILANO,,MI,15146,20124,1,2,BRERA,9.1943938235,45.4794154202,"(45.4794154202, 9.1943938235)",9.1943938235,45.4794154202,2,1,Brera,87.62563111786541,6.0,93.1,1294,7.73,24.3,Zona molto competitiva
MI0958,A.F.M. N. 75,13195220150,"VIA GIORGIO WASHINGTON, 74",MILANO,,MI,15146,20146,7,51,PORTA MAGENTA,9.1545616785,45.4595625892,"(45.4595625892, 9.1545616785)",9.1545616785,45.4595625892,51,7,Porta Magenta,243.8266576107816,35.1,69.1,2963,3.38,24.4,Zona bilanciata
MI2060,DEL GARIBALDI SAS DEL DR. CANTONI REMO FABRIZIO,14377660965,"CORSO GIUSEPPE GARIBALDI, 83",MILANO,,MI,15146,20121,1,2,BRERA,9.1838188792,45.4764349831,"(45.4764349831, 9.1838188792)",9.1838188792,45.4764349831,2,1,Brera,197.0994002708614,6.0,93.1,1294,7.73,24.3,Zona molto competitiva
MI2059,DR.MAX MILANO BAUSAN,3664141201,"PIAZZA GIOVANNI BAUSAN, 3",MILANO,,MI,15146,20158,9,77,BOVISA,9.1650062842,45.5020243886,"(45.5020243886, 9.1650062842)",9.1650062842,45.5020243886,77,9,Bovisa,234.3129193954211,60.7,49.4,4615,2.17,18.1,Zona bilanciata
MI1890,MILANO SIGRA SRL,10132730960,"VIA VITRUVIO, 11",MILANO,,MI,15146,20124,3,21,BUENOS AIRES - PORTA VENEZIA - PORTA MONFORTE,9.2088955218,45.4810837961,"(45.4810837961, 9.2088955218)",9.2088955218,45.4810837961,21,3,Buenos Aires - Porta Venezia - Porta Monforte,168.8143791516068,18.0,85.7,2213,4.52,23.3,Zona molto competitiva
MI1971,SERENIFARMA SRL A SOCIO UNICO (EX BEATO ANGELICO),11063100967,"VIA CESARE SALDINI, 4",MILANO,,MI,15146,20133,3,22,CITTA' STUDI,9.2275470166,45.4707865023,"(45.4707865023, 9.2275470166)",9.2275470166,45.4707865023,22,3,Citta' Studi,366.97308225462,36.7,68.1,3248,3.08,24.2,Zona bilanciata
MI0919,A.F.M. N. 63,13195220150,"VIA GIOACCHINO MURAT, 5",MILANO,,MI,15146,20159,9,12,MACIACHINI - MAGGIOLINA,9.1916631671,45.4970819994,"(45.4970819994, 9.1916631671)",9.1916631671,45.4970819994,12,9,Maciachini - Maggiolina,566.6159837260707,48.2,60.4,3768,2.65,23.4,Zona bilanciata
MI2039,RIPAMONTI SAS DI FARAM SNC DI ALBERO DUE SRL,13851320963,"VIA GIOVANNI BELLEZZA, 2",MILANO,,MI,15146,20136,5,5,PORTA VIGENTINA - PORTA LODOVICA,9.1969783833,45.448752281,"(45.448752281, 9.1969783833)",9.1969783833,45.448752281,5,5,Porta Vigentina - Porta Lodovica,261.8894075733478,11.9,81.1,1935,5.17,23.7,Zona molto competitiva
MI1949,LEGNANI SRL,11313560960,"VIA GIOVANNI RASORI, 2",MILANO,,MI,15146,20145,7,68,PAGANO,9.1641871208,45.4676836894,"(45.4676836894, 9.1641871208)",9.1641871208,45.4676836894,68,7,Pagano,174.0724308615223,32.0,65.1,2942,3.4,23.9,Zona bilanciata
MI0686,A.F.M. N. 29,13195220150,"VIA MICHELE LESSONA, 55",MILANO,,MI,15146,20157,8,76,QUARTO OGGIARO - VIALBA - MUSOCCO,9.1353722332,45.5193321805,"(45.5193321805, 9.1353722332)",9.1353722332,45.5193321805,76,8,Quarto Oggiaro - Vialba - Musocco,207.6684797291795,43.7,60.5,3657,2.73,21.2,Zona bilanciata
MI1832,SELINUNTE SAS,8794770969,"PIAZZALE SELINUNTE, 4",MILANO,,MI,15146,20148,7,57,SAN SIRO,9.1382223317,45.4718800892,"(45.4718800892, 9.1382223317)",9.1382223317,45.4718800892,57,7,San Siro,247.4781940817712,61.1,49.1,4282,2.34,20.9,Zona bilanciata
MI1779,VIALE ROMAGNA SRL,7207710968,"VIALE ROMAGNA, 25",MILANO,,MI,15146,20133,3,21,BUENOS AIRES - PORTA VENEZIA - PORTA MONFORTE,9.223334272,45.472311883,"(45.472311883, 9.223334272)",9.223334272,45.472311883,21,3,Buenos Aires - Porta Venezia - Porta Monforte,340.5522231112308,18.0,85.7,2213,4.52,23.3,Zona molto competitiva
MI0911,A.F.M. N. 61,13195220150,"VIA VINCENZO MAGLIOCCO, 3",MILANO,,MI,15146,20141,5,43,TIBALDI,9.1837001914,45.4402047933,"(45.4402047933, 9.1837001914)",9.1837001914,45.4402047933,43,5,Tibaldi,186.6593261529576,55.1,60.8,3803,2.63,22.7,Zona bilanciata
MI0595,TOSCHI,793230152,"VIALE CORSICA, 42",MILANO,,MI,15146,20137,4,25,CORSICA,9.2287711097,45.4619779184,"(45.4619779184, 9.2287711097)",9.2287711097,45.4619779184,25,4,Corsica,242.0752316887999,45.8,71.6,3943,2.54,24.0,Zona molto competitiva
MI0695,A.F.M. N. 31,13195220150,"VIA TITO VIGNOLI, 42",MILANO,,MI,15146,20146,6,49,GIAMBELLINO,9.1475876836,45.4525463076,"(45.4525463076, 9.1475876836)",9.1475876836,45.4525463076,49,6,Giambellino,195.1847070362994,61.5,51.3,4371,2.29,22.0,Zona bilanciata
MI1822,IMPERIA SNC,8271020961,"VIA SPEZIA, 20",MILANO,,MI,15146,20142,6,45,MONCUCCO - SAN CRISTOFORO,9.1723624939,45.4413130067,"(45.4413130067, 9.1723624939)",9.1723624939,45.4413130067,45,6,Moncucco - San Cristoforo,263.6068270470132,37.7,43.7,2725,3.67,21.7,Zona bilanciata
MI0410,A.F.M. N. 44,13195220150,"PIAZZA ROSA SCOLARI, 3",MILANO,,MI,15146,20151,8,64,TRENNO,9.1007951224,45.490394498,"(45.490394498, 9.1007951224)",9.1007951224,45.490394498,64,8,Trenno,871.8620305537559,70.6,28.0,4008,2.5,33.8,Zona ad alto potenziale non satura
MI0889,A.F.M. N. 56,13195220150,"VIA SAN PAOLINO, 18",MILANO,,MI,15146,20142,6,46,BARONA,9.1630518759,45.4311251805,"(45.4311251805, 9.1630518759)",9.1630518759,45.4311251805,46,6,Barona,671.7593875477627,86.0,16.1,5515,1.81,31.1,Zona ad alto potenziale non satura
MI2026,HIPPO 80 FARMA SRL -FARMACIA ABRUZZI,11261800962,"VIA PLINIO, 46",MILANO,,MI,15146,20129,3,21,BUENOS AIRES - PORTA VENEZIA - PORTA MONFORTE,9.2175836997,45.4765043852,"(45.4765043852, 9.2175836997)",9.2175836997,45.4765043852,21,3,Buenos Aires - Porta Venezia - Porta Monforte,264.9892786263493,18.0,85.7,2213,4.52,23.3,Zona molto competitiva
MI1803,ABBAZIA DI CHIARAVALLE & C.,7712200968,"VIA COMACCHIO, 4",MILANO,,MI,15146,20139,4,35,LODI - CORVETTO,9.2189834775,45.4375025935,"(45.4375025935, 9.2189834775)",9.2189834775,45.4375025935,35,4,Lodi - Corvetto,309.1428330482223,68.7,34.2,4614,2.17,22.0,Zona bilanciata
MI1640,RONDO' FARINI,3315190961,"PIAZZALE CARLO MACIACHINI, 24",MILANO,,MI,15146,20159,9,79,DERGANO,9.1840337912,45.4975785853,"(45.4975785853, 9.1840337912)",9.1840337912,45.4975785853,79,9,Dergano,409.2529463746818,62.8,26.6,4780,2.09,17.1,Zona bilanciata
MI2053,CAVALLI DI COZZI DOTT. PAOLO,14148910962,"VIA GIUSEPPE CANDIANI, 122",MILANO,,MI,15146,20158,9,77,BOVISA,9.1625197088,45.5032089192,"(45.5032089192, 9.1625197088)",9.1625197088,45.5032089192,77,9,Bovisa,234.3129193954211,60.7,49.4,4615,2.17,18.1,Zona bilanciata
MI1920,FIRENZE SRL,10560170960,"VIA RUGGERO DI LAURIA, 22",MILANO,,MI,15146,20149,8,67,PORTELLO,9.1565265642,45.4868033973,"(45.4868033973, 9.1565265642)",9.1565265642,45.4868033973,67,8,Portello,376.7014825371014,17.0,69.5,2249,4.45,23.8,Zona pressione parafarmacie
MI1647,SANT'ANTONIO SNC,3626410967,"VIA PELLEGRINO ROSSI, 44",MILANO,,MI,15146,20161,9,80,AFFORI,9.1761381222,45.5105634106,"(45.5105634106, 9.1761381222)",9.1761381222,45.5105634106,80,9,Affori,669.4581482134005,79.6,30.7,6493,1.54,19.4,Zona ad alto potenziale non satura
MI0047,COOP.FARM.VITTORIA,774640155,"VIA FONTANA, 1",MILANO,,MI,15146,20122,1,4,GUASTALLA,9.2034069678,45.4620811834,"(45.4620811834, 9.2034069678)",9.2034069678,45.4620811834,4,1,Guastalla,297.284668044466,16.7,84.4,2198,4.55,25.1,Zona molto competitiva
MI1895,ORNATO SRL,10312850968,VIA LUIGI ORNATO 13A,MILANO,,MI,15146,20162,9,14,NIGUARDA - CA' GRANDA - PRATO CENTENARO - Q.RE FULVIO TESTI,9.1909709057,45.5158855,"(45.5158855, 9.1909709057)",9.1909709057,45.5158855,14,9,Niguarda - Ca' Granda - Prato Centenaro - Q.Re Fulvio Testi,254.6658150199674,60.0,45.7,4030,2.48,25.7,Zona servizi senior
MI1637,PROCACCINI SRL DI HIPPO 45 FARMA SRL,3207930961,"VIA PAOLO LOMAZZO,44",MILANO,,MI,15146,20154,8,69,SARPI,9.1704783,45.4838649,"(45.4838649, 9.1704783)",9.1704783,45.4838649,69,8,Sarpi,315.1139379136995,14.6,88.6,2177,4.59,20.6,Zona molto competitiva
MI1881,"GIULIO CESARE SNC DEI DR. ROBERTO,GABRIELE E FRANCESCA MARZANI",10107480963,"VIA MONTE ROSA, 27",MILANO,,MI,15146,20149,7,58,DE ANGELI - MONTE ROSA,9.1516478775,45.4729543978,"(45.4729543978, 9.1516478775)",9.1516478775,45.4729543978,58,7,De Angeli - Monte Rosa,404.0091490862093,34.7,58.3,2394,4.18,24.0,Zona bilanciata
MI1507,DEI PORTICI,11702960151,"VIA LORENTEGGIO, 22",MILANO,,MI,15146,20146,6,52,BANDE NERE,9.1487890618,45.4540861051,"(45.4540861051, 9.1487890618)",9.1487890618,45.4540861051,52,6,Bande Nere,195.1847070362994,50.6,50.5,3672,2.72,24.9,Zona bilanciata
MI2037,CARNEVALE SNC DI CARNEVALE BONINO ANDREA,13834540968,VIA RAFFAELLO SANZIO 2A,MILANO,,MI,15146,20149,7,58,DE ANGELI - MONTE ROSA,9.1542626122,45.4698176801,"(45.4698176801, 9.1542626122)",9.1542626122,45.4698176801,58,7,De Angeli - Monte Rosa,264.8183508681562,34.7,58.3,2394,4.18,24.0,Zona bilanciata
MI0252,A.F.M. N. 43,13195220150,"PIAZZALE VINCENZO CUOCO, 4",MILANO,,MI,15146,20137,4,29,ORTOMERCATO,9.2247250812,45.4509307795,"(45.4509307795, 9.2247250812)",9.2247250812,45.4509307795,29,4,Ortomercato,338.554839117339,24.0,56.3,2046,4.89,18.6,Zona bilanciata
MI1671,SAN LUIGI SNC SASSONE & C.,4546580962,"CORSO LODI, 62",MILANO,,MI,15146,20139,4,35,LODI - CORVETTO,9.214356667,45.4445255806,"(45.4445255806, 9.214356667)",9.214356667,45.4445255806,35,4,Lodi - Corvetto,359.3218001056748,68.7,34.2,4614,2.17,22.0,Zona bilanciata
MI1707,FARINATTI SNC,5438820960,"VIA PIERO DELLA FRANCESCA, 3",MILANO,,MI,15146,20154,8,69,SARPI,9.1673063623,45.4820928096,"(45.4820928096, 9.1673063623)",9.1673063623,45.4820928096,69,8,Sarpi,280.2929653360778,14.6,88.6,2177,4.59,20.6,Zona molto competitiva
MI0705,A.F.M. N. 36,13195220150,"VIA NIKOLAJEVKA, 4",MILANO,,MI,15146,20152,7,56,FORZE ARMATE,9.1056714622,45.4587472814,"(45.4587472814, 9.1056714622)",9.1056714622,45.4587472814,56,7,Forze Armate,547.9342061594564,67.1,31.0,4198,2.38,25.1,Zona servizi senior
MI1695,DEL CARMINE,4394790879,"VIA MERCATO, 1",MILANO,,MI,15146,20121,1,2,BRERA,9.1842419138,45.4707813894,"(45.4707813894, 9.1842419138)",9.1842419138,45.4707813894,2,1,Brera,160.5885826384056,6.0,93.1,1294,7.73,24.3,Zona molto competitiva
MI1978,CITTA' STUDI SRL,12084970966,"LARGO ORESTE MURANI, 2",MILANO,,MI,15146,20133,3,22,CITTA' STUDI,9.2351810863,45.4730444194,"(45.4730444194, 9.2351810863)",9.2351810863,45.4730444194,22,3,Citta' Studi,247.7333523518599,36.7,68.1,3248,3.08,24.2,Zona bilanciata
MI1756,RAVIZZA SRL,6578900968,"VIA MARGHERA, 18",MILANO,,MI,15146,20149,7,58,DE ANGELI - MONTE ROSA,9.1533190613,45.4672959007,"(45.4672959007, 9.1533190613)",9.1533190613,45.4672959007,58,7,De Angeli - Monte Rosa,129.9472174294397,34.7,58.3,2394,4.18,24.0,Zona bilanciata
MI0926,A.F.M. N. 69,13195220150,"VIA RONCHI, 31",MILANO,,MI,15146,20134,3,18,CIMIANO - ROTTOLE - Q.RE FELTRE,9.2369390229,45.4888029003,"(45.4888029003, 9.2369390229)",9.2369390229,45.4888029003,18,3,Cimiano - Rottole - Q.Re Feltre,263.7788160802676,41.4,58.1,3250,3.08,25.7,Zona bilanciata
MI1623,MANCA SNC,13266660151,"VIA GIACINTO SERRATI MENOTTI,12",MILANO,,MI,15146,20138,4,31,MONLUE' - PONTE LAMBRO,9.2628883,45.4420751,"(45.4420751, 9.2628883)",9.2628883,45.4420751,31,4,Monlue' - Ponte Lambro,1176.248503934637,67.8,11.9,6088,1.64,12.4,Zona bilanciata
MI1824,FRATELLI RAGNI SRL,8441520965,"VIA ALESSANDRO LITTA MODIGNANI, 5",MILANO,,MI,15146,20161,9,81,BOVISASCA,9.1654642714,45.5237230824,"(45.5237230824, 9.1654642714)",9.1654642714,45.5237230824,81,9,Bovisasca,219.640454340082,60.4,32.2,3774,2.65,26.0,Zona bilanciata
MI2029,DR.MAX MILANO PORTA NUOVA,3664141201,"PIAZZA GAE AULENTI,1",MILANO,,MI,15146,20154,9,9,PORTA GARIBALDI - PORTA NUOVA,9.18925354,45.48385339,"(45.48385339, 9.18925354)",9.18925354,45.48385339,9,9,Porta Garibaldi - Porta Nuova,399.9614170718985,4.6,74.7,1149,8.7,22.3,Zona molto competitiva
MI1504,GALILEO SNC,11632930159,"VIA VINCENZO VIVIANI, 2",MILANO,,MI,15146,20124,9,9,PORTA GARIBALDI - PORTA NUOVA,9.1972668046,45.4815852016,"(45.4815852016, 9.1972668046)",9.1972668046,45.4815852016,9,9,Porta Garibaldi - Porta Nuova,255.0247913811273,4.6,74.7,1149,8.7,22.3,Zona molto competitiva
MI0947,A.F.M. N. 74,13195220150,"PIAZZA MONTE FALTERONA, 3",MILANO,,MI,15146,20148,7,57,SAN SIRO,9.1401884747,45.4736272131,"(45.4736272131, 9.1401884747)",9.1401884747,45.4736272131,57,7,San Siro,247.4781940817712,61.1,49.1,4282,2.34,20.9,Zona bilanciata
MI1540,OMERO,11963310153,"VIA NICOLO' BARABINO, 3",MILANO,,MI,15146,20139,4,35,LODI - CORVETTO,9.2233805401,45.4341847847,"(45.4341847847, 9.2233805401)",9.2233805401,45.4341847847,35,4,Lodi - Corvetto,434.1952773641144,68.7,34.2,4614,2.17,22.0,Zona bilanciata
MI0682,A.F.M. N. 08,13195220150,"VIA VAL MAIRA, 14",MILANO,,MI,15146,20162,9,14,NIGUARDA - CA' GRANDA - PRATO CENTENARO - Q.RE FULVIO TESTI,9.1964067375,45.5089493075,"(45.5089493075, 9.1964067375)",9.1964067375,45.5089493075,14,9,Niguarda - Ca' Granda - Prato Centenaro - Q.Re Fulvio Testi,320.0983858700198,60.0,45.7,4030,2.48,25.7,Zona servizi senior
MI1627,SAN CRISTOFORO SAS,12772080151,"PIAZZA TIRANA,2",MILANO,,MI,15146,20147,6,49,GIAMBELLINO,9.12863444,45.44477381,"(45.44477381, 9.12863444)",9.12863444,45.44477381,49,6,Giambellino,283.6976695203808,61.5,51.3,4371,2.29,22.0,Zona bilanciata
MI1783,CINQUE GIORNATE SNC,7111920968,"PIAZZA CINQUE GIORNATE, 7",MILANO,,MI,15146,20129,4,26,XXII MARZO,9.207789362,45.4625406794,"(45.4625406794, 9.207789362)",9.207789362,45.4625406794,26,4,Xxii Marzo,103.7350268573331,23.6,73.0,2227,4.49,24.2,Zona molto competitiva
MI2014,"MALPIGHI SNC DI GUFFANTI GIAN PAOLO, CHIARA E GIORGIO",12867160967,"VIA MARCELLO MALPIGHI, 12",MILANO,,MI,15146,20129,3,21,BUENOS AIRES - PORTA VENEZIA - PORTA MONFORTE,9.2079661364,45.4748158089,"(45.4748158089, 9.2079661364)",9.2079661364,45.4748158089,21,3,Buenos Aires - Porta Venezia - Porta Monforte,121.6837944548265,18.0,85.7,2213,4.52,23.3,Zona molto competitiva
MI1904,CORVETTO FARMA ACQUISITION SRL,2489000998,"VIALE LUCANIA, 6",MILANO,,MI,15146,20139,4,35,LODI - CORVETTO,9.2245338062,45.4409771857,"(45.4409771857, 9.2245338062)",9.2245338062,45.4409771857,35,4,Lodi - Corvetto,226.6728377444971,68.7,34.2,4614,2.17,22.0,Zona bilanciata
MI1700,CASARSA SRL,5322110965,"VIA CASARSA, 13",MILANO,,MI,15146,20161,9,83,BRUZZANO,9.1744459836,45.524893699,"(45.524893699, 9.1744459836)",9.1744459836,45.524893699,83,9,Bruzzano,205.2002357812594,81.4,49.0,6342,1.58,24.2,Zona ad alto potenziale non satura
MI0050,COOP.FARM.SEMPIONE,774640155,"PIAZZA SEMPIONE, 8",MILANO,,MI,15146,20154,1,69,SARPI,9.1720217695,45.4764527108,"(45.4764527108, 9.1720217695)",9.1720217695,45.4764527108,69,1,Sarpi,114.6412776854266,14.6,88.6,2177,4.59,20.6,Zona molto competitiva
MI0661,A.F.M. N. 03,13195220150,"VIALE ROMAGNA, 58",MILANO,,MI,15146,20133,3,22,CITTA' STUDI,9.2240553672,45.4753325113,"(45.4753325113, 9.2240553672)",9.2240553672,45.4753325113,22,3,Citta' Studi,340.5522231112308,36.7,68.1,3248,3.08,24.2,Zona bilanciata
MI0904,A.F.M. N. 58,13195220150,"VIA PALMANOVA, 65",MILANO,,MI,15146,20132,2,19,PADOVA - TURRO - CRESCENZAGO,9.2360477751,45.4965453062,"(45.4965453062, 9.2360477751)",9.2360477751,45.4965453062,19,2,Padova - Turro - Crescenzago,304.3155840350866,61.9,48.4,4747,2.11,20.1,Zona bilanciata
MI1709,NIGUARDA SRL,5381520963,"VIA MONTE ROTONDO, 1",MILANO,,MI,15146,20162,9,14,NIGUARDA - CA' GRANDA - PRATO CENTENARO - Q.RE FULVIO TESTI,9.1940978585,45.5152188873,"(45.5152188873, 9.1940978585)",9.1940978585,45.5152188873,14,9,Niguarda - Ca' Granda - Prato Centenaro - Q.Re Fulvio Testi,254.6658150199674,60.0,45.7,4030,2.48,25.7,Zona servizi senior
MI1963,HIPPO 80 FARMA SRL - EUSTACHI,11261800962,"VIA ALESSANDRO STRADELLA, 1",MILANO,,MI,15146,20129,3,21,BUENOS AIRES - PORTA VENEZIA - PORTA MONFORTE,9.2152377727,45.4783157145,"(45.4783157145, 9.2152377727)",9.2152377727,45.4783157145,21,3,Buenos Aires - Porta Venezia - Porta Monforte,206.2801440670155,18.0,85.7,2213,4.52,23.3,Zona molto competitiva
MI2020,CONCORDIA DR.PAPA SRL,13257040967,"CORSO CONCORDIA, 16",MILANO,,MI,15146,20129,4,26,XXII MARZO,9.2098393241,45.4677103858,"(45.4677103858, 9.2098393241)",9.2098393241,45.4677103858,26,4,Xxii Marzo,276.5125687564251,23.6,73.0,2227,4.49,24.2,Zona molto competitiva
MI1939,MELOZZO DA FORLI' SAS DEI DOTTORI LEARCO E MARCELLO SANDI & C.,11060720965,"VIA NOVARA, 3",MILANO,,MI,15146,20147,7,52,BANDE NERE,9.1291747378,45.4679623039,"(45.4679623039, 9.1291747378)",9.1291747378,45.4679623039,52,7,Bande Nere,333.9286080658802,50.6,50.5,3672,2.72,24.9,Zona bilanciata
MI0973,A.F.M. N. 79,13195220150,"VIA GUIDO DE RUGGIERO, 8",MILANO,,MI,15146,20142,5,41,GRATOSOGLIO - Q.RE MISSAGLIA - Q.RE TERRAZZE,9.1745183194,45.4188459019,"(45.4188459019, 9.1745183194)",9.1745183194,45.4188459019,41,5,Gratosoglio - Q.Re Missaglia - Q.Re Terrazze,283.013940851371,63.9,38.1,4776,2.09,25.6,Zona servizi senior
MI0658,A.F.M. N. 16,13195220150,"VIALE GIOVANNI SUZZANI, 155",MILANO,,MI,15146,20162,9,14,NIGUARDA - CA' GRANDA - PRATO CENTENARO - Q.RE FULVIO TESTI,9.203077559,45.5162444969,"(45.5162444969, 9.203077559)",9.203077559,45.5162444969,14,9,Niguarda - Ca' Granda - Prato Centenaro - Q.Re Fulvio Testi,405.5644106150712,60.0,45.7,4030,2.48,25.7,Zona servizi senior
MI2023,REPUBBLICA SRL,13393680965,"VIALE TUNISIA, 41",MILANO,,MI,15146,20124,2,10,STAZIONE CENTRALE - PONTE SEVESO,9.1998330081,45.4797418115,"(45.4797418115, 9.1998330081)",9.1998330081,45.4797418115,10,2,Stazione Centrale - Ponte Seveso,143.9699190183804,6.7,90.0,1717,5.82,21.7,Zona molto competitiva
MI1018,A.F.M. N. 83,13195220150,"VIALE MONZA, 226",MILANO,,MI,15146,20128,2,16,GORLA - PRECOTTO,9.2250814797,45.5130644867,"(45.5130644867, 9.2250814797)",9.2250814797,45.5130644867,16,2,Gorla - Precotto,521.5887638499968,82.9,15.7,6012,1.66,21.5,Zona ad alto potenziale non satura
MI0928,A.F.M. N. 71,13195220150,"VIA LUISA BATTISTOTTI SASSI, 24",MILANO,,MI,15146,20133,4,25,CORSICA,9.2279086119,45.4644222071,"(45.4644222071, 9.2279086119)",9.2279086119,45.4644222071,25,4,Corsica,217.1963247351429,45.8,71.6,3943,2.54,24.0,Zona molto competitiva
MI1688,MELCHIORRE GIOIA,5248820960,"VIA MELCHIORRE GIOIA, 135",MILANO,,MI,15146,20125,2,12,MACIACHINI - MAGGIOLINA,9.2064558851,45.4944745989,"(45.4944745989, 9.2064558851)",9.2064558851,45.4944745989,12,2,Maciachini - Maggiolina,250.7450514906947,48.2,60.4,3768,2.65,23.4,Zona bilanciata
MI0920,A.F.M. N. 64,13195220150,"VIA ABBAZIA, 4",MILANO,,MI,15146,20125,2,12,MACIACHINI - MAGGIOLINA,9.1988369865,45.5006728068,"(45.5006728068, 9.1988369865)",9.1988369865,45.5006728068,12,2,Maciachini - Maggiolina,138.8669950622452,48.2,60.4,3768,2.65,23.4,Zona bilanciata
MI1768,TICINESE FARMA SRL - DEL GENTILINO,6819600963,"VIA GIUSEPPE LAGRANGE, 2",MILANO,,MI,15146,20136,5,6,PORTA TICINESE - CONCA DEL NAVIGLIO,9.1792038033,45.4489052926,"(45.4489052926, 9.1792038033)",9.1792038033,45.4489052926,6,5,Porta Ticinese - Conca Del Naviglio,187.3943962616191,11.9,88.2,2010,4.98,21.9,Zona molto competitiva
MI0886,A.F.M. N. 46,13195220150,"VIA DEI CIGNOLI, 1",MILANO,,MI,15146,20151,8,71,VILLAPIZZONE - CAGNOLA - BOLDINASCO,9.1340903049,45.4955966005,"(45.4955966005, 9.1340903049)",9.1340903049,45.4955966005,71,8,Villapizzone - Cagnola - Boldinasco,493.3820877816032,59.3,48.2,4645,2.15,20.5,Zona bilanciata
MI1749,AMORETTI DI CRUPI NICOLA & C. SNC,6469250960,"VIALE CARLO ESPINASSE, 30",MILANO,,MI,15146,20156,8,71,VILLAPIZZONE - CAGNOLA - BOLDINASCO,9.1435192754,45.4955582113,"(45.4955582113, 9.1435192754)",9.1435192754,45.4955582113,71,8,Villapizzone - Cagnola - Boldinasco,257.3911643501942,59.3,48.2,4645,2.15,20.5,Zona bilanciata
MI1925,CINQUE GIORNATE SNC-SUSA,7111920968,"PIAZZALE SUSA, 6",MILANO,,MI,15146,20133,4,26,XXII MARZO,9.2233182626,45.4675290014,"(45.4675290014, 9.2233182626)",9.2233182626,45.4675290014,26,4,Xxii Marzo,366.4741378590969,23.6,73.0,2227,4.49,24.2,Zona molto competitiva
MI2063,PICCHIOTTI SAS DI MAURIZIO STRAZIOTA,14418100963,"VIALE AFFORI, 10",MILANO,,MI,15146,20161,9,80,AFFORI,9.170632972,45.5171432884,"(45.5171432884, 9.170632972)",9.170632972,45.5171432884,80,9,Affori,178.7050244152833,79.6,30.7,6493,1.54,19.4,Zona ad alto potenziale non satura
MI1450,METALLA SRL,11017670156,"VIALE UMBRIA, 19",MILANO,,MI,15146,20135,4,27,PTA ROMANA,9.2116955804,45.4496854802,"(45.4496854802, 9.2116955804)",9.2116955804,45.4496854802,27,4,Pta Romana,431.2477741184335,25.8,78.4,2692,3.71,21.9,Zona molto competitiva
MI1902,BENU RETAIL SRL - LARGO AUGUSTO,3653681209,"LARGO AUGUSTO, 8",MILANO,,MI,15146,20122,1,1,DUOMO,9.197055413,45.4627949025,"(45.4627949025, 9.197055413)",9.197055413,45.4627949025,1,1,Duomo,166.9388246597647,1.1,99.0,636,15.73,24.0,Zona molto competitiva
MI1979,SALGARI SRL,12094200966,"VIA ALBERTO CARONCINI, 6",MILANO,,MI,15146,20137,4,28,UMBRIA - MOLISE - CALVAIRATE,9.2197240187,45.4497685868,"(45.4497685868, 9.2197240187)",9.2197240187,45.4497685868,28,4,Umbria - Molise - Calvairate,293.0013596064015,71.5,43.8,5788,1.73,22.3,Zona ad alto potenziale non satura
MI0692,A.F.M. N. 24,13195220150,"VIA MARIO MORGANTINI, 25",MILANO,,MI,15146,20148,7,57,SAN SIRO,9.1331383722,45.46909889,"(45.46909889, 9.1331383722)",9.1331383722,45.46909889,57,7,San Siro,196.3873483822567,61.1,49.1,4282,2.34,20.9,Zona bilanciata
MI1921,BALBONI SRL,10581280962,"VIA GIOVANNI PEZZOTTI, 59",MILANO,,MI,15146,20141,5,43,TIBALDI,9.1835675897,45.4385287061,"(45.4385287061, 9.1835675897)",9.1835675897,45.4385287061,43,5,Tibaldi,186.6593261529576,55.1,60.8,3803,2.63,22.7,Zona bilanciata
MI0654,A.F.M. N. 05,13195220150,"VIA MAFFEO BAGAROTTI, 38",MILANO,,MI,15146,20152,7,55,BAGGIO - Q.RE DEGLI OLMI - Q.RE VALSESIA,9.0915160203,45.4563990913,"(45.4563990913, 9.0915160203)",9.0915160203,45.4563990913,55,7,Baggio - Q.Re Degli Olmi - Q.Re Valsesia,519.893463782311,79.5,26.2,6137,1.63,24.5,Zona ad alto potenziale non satura
MI0649,A.F.M. N. 02,13195220150,"VIA PRIVATA PARENZO, 8",MILANO,,MI,15146,20143,6,48,RONCHETTO SUL NAVIGLIO - Q.RE LODOVICO IL MORO,9.1404475594,45.4413927186,"(45.4413927186, 9.1404475594)",9.1404475594,45.4413927186,48,6,Ronchetto Sul Naviglio - Q.Re Lodovico Il Moro,676.9722418791454,77.3,20.8,4851,2.06,26.3,Zona ad alto potenziale non satura
MI1993,SAN LUCA SNC DI NUOVA FARMACIA SAN LUCA SNC DEL DR.DANIELE SOFI E C.,12390020969,"VIA ANTONIO CARNEVALI, 70",MILANO,,MI,15146,20158,9,79,DERGANO,9.1705356581,45.5030509203,"(45.5030509203, 9.1705356581)",9.1705356581,45.5030509203,79,9,Dergano,396.6367506442571,62.8,26.6,4780,2.09,17.1,Zona bilanciata
MI1984,OLMETTO SAS DR. MARCO SELLE & C.,12089440965,"VIA FERNANDA WITTGENS, 3",MILANO,,MI,15146,20123,1,1,DUOMO,9.1841068814,45.4576694106,"(45.4576694106, 9.1841068814)",9.1841068814,45.4576694106,1,1,Duomo,260.8930479851521,1.1,99.0,636,15.73,24.0,Zona molto competitiva
MI2019,GIANNONE SRL,13225390965,"VIA CARLO FARINI, 5",MILANO,,MI,15146,20154,8,69,SARPI,9.1815778097,45.4836248958,"(45.4836248958, 9.1815778097)",9.1815778097,45.4836248958,69,8,Sarpi,169.53346167706,14.6,88.6,2177,4.59,20.6,Zona molto competitiva
MI0057,COOP.FARM.LAMARMORA,774640155,"VIA ALFONSO LAMARMORA, 2",MILANO,,MI,15146,20122,1,4,GUASTALLA,9.1964576157,45.4560784835,"(45.4560784835, 9.1964576157)",9.1964576157,45.4560784835,4,1,Guastalla,222.2727666651327,16.7,84.4,2198,4.55,25.1,Zona molto competitiva
MI1959,DEL PARCO SRL,10912580965,"VIA ANGELO RIZZOLI, 47",MILANO,,MI,15146,20132,3,18,CIMIANO - ROTTOLE - Q.RE FELTRE,9.2530777907,45.5073147106,"(45.5073147106, 9.2530777907)",9.2530777907,45.5073147106,18,3,Cimiano - Rottole - Q.Re Feltre,516.8672709127804,41.4,58.1,3250,3.08,25.7,Zona bilanciata
MI0665,A.F.M. N. 23,13195220150,"VIA MONTE SUELLO, 1",MILANO,,MI,15146,20133,4,25,CORSICA,9.2305337401,45.4637698855,"(45.4637698855, 9.2305337401)",9.2305337401,45.4637698855,25,4,Corsica,217.1963247351429,45.8,71.6,3943,2.54,24.0,Zona molto competitiva
MI2055,DELLA ROGGIA,5632870878,"VIALE TOSCANA, 17",MILANO,,MI,15146,20136,5,5,PORTA VIGENTINA - PORTA LODOVICA,9.1953708181,45.4461600936,"(45.4461600936, 9.1953708181)",9.1953708181,45.4461600936,5,5,Porta Vigentina - Porta Lodovica,314.3374027076462,11.9,81.1,1935,5.17,23.7,Zona molto competitiva
MI1888,RANZONI FARMA ACQUISITION SRL,2489000998,"VIALE DANIELE RANZONI, 2",MILANO,,MI,15146,20149,7,58,DE ANGELI - MONTE ROSA,9.1461926834,45.4673650095,"(45.4673650095, 9.1461926834)",9.1461926834,45.4673650095,58,7,De Angeli - Monte Rosa,311.5926244461313,34.7,58.3,2394,4.18,24.0,Zona bilanciata
MI1842,SANT'AGOSTINO,8972030962,"VIA SAN VINCENZO, 1",MILANO,,MI,15146,20123,1,7,MAGENTA - S. VITTORE,9.1771405978,45.4587420847,"(45.4587420847, 9.1771405978)",9.1771405978,45.4587420847,7,1,Magenta - S. Vittore,284.6502944034467,7.0,92.1,1805,5.54,22.3,Zona molto competitiva
MI1725,CALATAFIMI SAS,5707780960,"PIAZZALE DI PORTA LODOVICA, 2",MILANO,,MI,15146,20136,5,6,PORTA TICINESE - CONCA DEL NAVIGLIO,9.18585367,45.4521174894,"(45.4521174894, 9.18585367)",9.18585367,45.4521174894,6,5,Porta Ticinese - Conca Del Naviglio,440.1099992501701,11.9,88.2,2010,4.98,21.9,Zona molto competitiva
MI1541,TURRO,11963650152,"VIA PADOVA, 109",MILANO,,MI,15146,20127,2,19,PADOVA - TURRO - CRESCENZAGO,9.230396696,45.4966111041,"(45.4966111041, 9.230396696)",9.230396696,45.4966111041,19,2,Padova - Turro - Crescenzago,281.606415907929,61.9,48.4,4747,2.11,20.1,Zona bilanciata
MI1935,PIAVE,11018930963,"VIA FELICE BELLOTTI, 1",MILANO,,MI,15146,20129,3,21,BUENOS AIRES - PORTA VENEZIA - PORTA MONFORTE,9.2070754753,45.4708036852,"(45.4708036852, 9.2070754753)",9.2070754753,45.4708036852,21,3,Buenos Aires - Porta Venezia - Porta Monforte,139.8821889680067,18.0,85.7,2213,4.52,23.3,Zona molto competitiva
MI1747,TOMMASEO SRL,6384400963,"VIA LORENZO MASCHERONI, 16",MILANO,,MI,15146,20145,1,68,PAGANO,9.1654294027,45.4700978033,"(45.4700978033, 9.1654294027)",9.1654294027,45.4700978033,68,1,Pagano,248.6507907151109,32.0,65.1,2942,3.4,23.9,Zona bilanciata
MI2034,URUGUAY SRL,13745860968,"VIA SEM BENELLI, 11",MILANO,,MI,15146,20151,8,65,Q.RE GALLARATESE - Q.RE SAN LEONARDO - LAMPUGNANO,9.1213644804,45.4970392098,"(45.4970392098, 9.1213644804)",9.1213644804,45.4970392098,65,8,Q.Re Gallaratese - Q.Re San Leonardo - Lampugnano,449.3794069017271,49.5,45.6,3332,3.0,28.3,Zona bilanciata
MI2040,PREMUDA SAS DEL DR. DEL GENOVESE EDOARDO MARIO VINCENZO & C.,13866670964,"VIA PASQUALE SOTTOCORNO, 1",MILANO,,MI,15146,20129,4,26,XXII MARZO,9.2076441037,45.46543889,"(45.46543889, 9.2076441037)",9.2076441037,45.46543889,26,4,Xxii Marzo,202.013750591223,23.6,73.0,2227,4.49,24.2,Zona molto competitiva
MI1945,SAN MARTINO SRL,11141010964,"VIALE DELLE RIMEMBRANZE DI LAMBRATE, 18",MILANO,,MI,15146,20134,3,23,LAMBRATE - ORTICA,9.2403918641,45.4821777183,"(45.4821777183, 9.2403918641)",9.2403918641,45.4821777183,23,3,Lambrate - Ortica,467.477423489795,70.9,26.4,6327,1.58,18.4,Zona ad alto potenziale non satura
MI1964,SANTA MARIA ALLA FONTANA DI MANNO MATILDE SAS,11469640962,"VIA GENOVA THAON DI REVEL,12",MILANO,,MI,15146,20159,9,11,ISOLA,9.18885724,45.49228931,"(45.49228931, 9.18885724)",9.18885724,45.49228931,11,9,Isola,323.662862417665,30.3,59.7,3165,3.16,20.5,Zona pressione parafarmacie
MI1853,GRECO,9180910961,"VIALE DELLE RIMEMBRANZE DI GRECO, 40",MILANO,,MI,15146,20125,2,13,GRECO - SEGNANO,9.2120774599,45.4996909925,"(45.4996909925, 9.2120774599)",9.2120774599,45.4996909925,13,2,Greco - Segnano,238.5572898604342,93.3,34.2,8086,1.24,20.5,Zona ad alto potenziale non satura
MI0636,A.F.M. N. 45,13195220150,"VIA DELLE BETULLE, 36",MILANO,,MI,15146,20152,7,55,BAGGIO - Q.RE DEGLI OLMI - Q.RE VALSESIA,9.0790707381,45.4541021983,"(45.4541021983, 9.0790707381)",9.0790707381,45.4541021983,55,7,Baggio - Q.Re Degli Olmi - Q.Re Valsesia,356.115408175086,79.5,26.2,6137,1.63,24.5,Zona ad alto potenziale non satura
MI1407,TRIVULZIO,10889380159,"VIA ANTONIO TOLOMEO TRIVULZIO, 28",MILANO,,MI,15146,20146,7,52,BANDE NERE,9.1435585027,45.4652580086,"(45.4652580086, 9.1435585027)",9.1435585027,45.4652580086,52,7,Bande Nere,311.5926244461313,50.6,50.5,3672,2.72,24.9,Zona bilanciata
MI1929,DEL NAVIGLIO SRL,10878880961,"VIALE CARLO TROYA, 11",MILANO,,MI,15146,20144,6,50,PORTA GENOVA,9.1550804345,45.4514997012,"(45.4514997012, 9.1550804345)",9.1550804345,45.4514997012,50,6,Porta Genova,335.9395978195521,44.6,55.7,3775,2.65,23.8,Zona pressione parafarmacie
MI0901,A.F.M. N. 52,13195220150,"PIAZZALE DIEGO VELASQUEZ, 7",MILANO,,MI,15146,20148,7,57,SAN SIRO,9.1406842643,45.4678120164,"(45.4678120164, 9.1406842643)",9.1406842643,45.4678120164,57,7,San Siro,247.4023867451757,61.1,49.1,4282,2.34,20.9,Zona bilanciata
MI1595,LEGA LOMBARDA SRL,12514310155,"VIALE ELVEZIA, 6",MILANO,,MI,15146,20154,1,69,SARPI,9.1790399371,45.4774393027,"(45.4774393027, 9.1790399371)",9.1790399371,45.4774393027,69,1,Sarpi,172.4457967646908,14.6,88.6,2177,4.59,20.6,Zona molto competitiva
MI0878,A.F.M. N. 53,13195220150,"VIA ETTORE PONTI, 31",MILANO,,MI,15146,20143,6,45,MONCUCCO - SAN CRISTOFORO,9.1553515052,45.4421449105,"(45.4421449105, 9.1553515052)",9.1553515052,45.4421449105,45,6,Moncucco - San Cristoforo,493.2209791922274,37.7,43.7,2725,3.67,21.7,Zona bilanciata
MI2050,MILANO VESUVIO,12283700966,"PIAZZA VESUVIO, 14",MILANO,,MI,15146,20144,7,51,PORTA MAGENTA,9.1600037129,45.4590292068,"(45.4590292068, 9.1600037129)",9.1600037129,45.4590292068,51,7,Porta Magenta,262.6717783866546,35.1,69.1,2963,3.38,24.4,Zona bilanciata
MI1604,SAN GUIDO,13056950150,"VIALE CARLO ESPINASSE, 172",MILANO,,MI,15146,20156,8,71,VILLAPIZZONE - CAGNOLA - BOLDINASCO,9.1373562297,45.5043805835,"(45.5043805835, 9.1373562297)",9.1373562297,45.5043805835,71,8,Villapizzone - Cagnola - Boldinasco,710.2880218102628,59.3,48.2,4645,2.15,20.5,Zona bilanciata
MI1815,UMANITARIA SRL,7980640960,"VIA ACHILLE MAIOCCHI, 14",MILANO,,MI,15146,20129,3,21,BUENOS AIRES - PORTA VENEZIA - PORTA MONFORTE,9.2132462325,45.4751507079,"(45.4751507079, 9.2132462325)",9.2132462325,45.4751507079,21,3,Buenos Aires - Porta Venezia - Porta Monforte,242.7325734822252,18.0,85.7,2213,4.52,23.3,Zona molto competitiva
MI0700,A.F.M. N. 21,13195220150,"VIA GIAN RINALDO CARLI, 14",MILANO,,MI,15146,20161,9,80,AFFORI,9.1712471979,45.5211279194,"(45.5211279194, 9.1712471979)",9.1712471979,45.5211279194,80,9,Affori,445.647608915238,79.6,30.7,6493,1.54,19.4,Zona ad alto potenziale non satura
MI2068,TICINESE SNC DELLA DR.SSA CURI GINETTA,14619750962,"CORSO SAN GOTTARDO, 1",MILANO,,MI,15146,20136,5,6,PORTA TICINESE - CONCA DEL NAVIGLIO,9.180229915856,45.451798180794,"(45.451798180794, 9.180229915856)",9.180229915856,45.451798180794,6,5,Porta Ticinese - Conca Del Naviglio,219.8720573038861,11.9,88.2,2010,4.98,21.9,Zona molto competitiva
MI1800,ROCCHI,7646670963,"VIA LUIGI ALAMANNI, 2",MILANO,,MI,15146,20141,5,38,VIGENTINO - Q.RE FATIMA,9.2007264351,45.4342939171,"(45.4342939171, 9.2007264351)",9.2007264351,45.4342939171,38,5,Vigentino - Q.Re Fatima,489.8567676322678,60.8,29.8,4068,2.46,23.1,Zona bilanciata
MI1659,NUOVA INGANNI SNC,3926990965,"VIA ANGELO INGANNI, 70",MILANO,,MI,15146,20147,6,53,LORENTEGGIO,9.1239817297,45.45488511,"(45.45488511, 9.1239817297)",9.1239817297,45.45488511,53,6,Lorenteggio,363.0608581564837,76.6,26.3,5066,1.97,22.1,Zona ad alto potenziale non satura
MI1545,REMOTTI,11988310154,"VIALE PREMUDA, 10",MILANO,,MI,15146,20129,4,26,XXII MARZO,9.2076886954,45.4636224059,"(45.4636224059, 9.2076886954)",9.2076886954,45.4636224059,26,4,Xxii Marzo,120.538439464375,23.6,73.0,2227,4.49,24.2,Zona molto competitiva
MI2009,FUSCO SAS DELLA DOTT.SSA MONTAGNANI MARELLI ROSSELLA E C.,12657150962,"VIA GIANBATTISTA BODONI, 19",MILANO,,MI,15146,20155,8,71,VILLAPIZZONE - CAGNOLA - BOLDINASCO,9.1494873581,45.4933491189,"(45.4933491189, 9.1494873581)",9.1494873581,45.4933491189,71,8,Villapizzone - Cagnola - Boldinasco,285.0426919391286,59.3,48.2,4645,2.15,20.5,Zona bilanciata
MI2061,G. DUE SRL,14363570962,VIA ENRICO FALCK 19A,MILANO,,MI,15146,20151,8,65,Q.RE GALLARATESE - Q.RE SAN LEONARDO - LAMPUGNANO,9.104017126,45.4979030068,"(45.4979030068, 9.104017126)",9.104017126,45.4979030068,65,8,Q.Re Gallaratese - Q.Re San Leonardo - Lampugnano,448.4410166652372,49.5,45.6,3332,3.0,28.3,Zona bilanciata
MI1870,SEMPIO SNC,9699540960,"VIA LODOVICO MONTEGANI, 4",MILANO,,MI,15146,20141,5,42,STADERA - CHIESA ROSSA - Q.RE TORRETTA - CONCA FALLATA,9.1780579971,45.4369448197,"(45.4369448197, 9.1780579971)",9.1780579971,45.4369448197,42,5,Stadera - Chiesa Rossa - Q.Re Torretta - Conca Fallata,346.995316185117,61.9,34.7,4124,2.42,22.8,Zona bilanciata
MI1897,TONALE DOTT. RIBALDONE GIAMPIERO E CIATTINI ROBERTO SNC,10318970968,"VIA TONALE, 26",MILANO,,MI,15146,20125,2,10,STAZIONE CENTRALE - PONTE SEVESO,9.2015249791,45.4896392885,"(45.4896392885, 9.2015249791)",9.2015249791,45.4896392885,10,2,Stazione Centrale - Ponte Seveso,301.6041361018551,6.7,90.0,1717,5.82,21.7,Zona molto competitiva
MI1646,QUAI,3610970968,"VIA FRATELLI FRASCHINI, 8",MILANO,,MI,15146,20142,5,41,GRATOSOGLIO - Q.RE MISSAGLIA - Q.RE TERRAZZE,9.1780101364,45.4181598012,"(45.4181598012, 9.1780101364)",9.1780101364,45.4181598012,41,5,Gratosoglio - Q.Re Missaglia - Q.Re Terrazze,283.013940851371,63.9,38.1,4776,2.09,25.6,Zona servizi senior
MI2000,NOSTRA SIGNORA DI MONTALLEGRO SRL,12454910964,VIA BARI 11A,MILANO,,MI,15146,20143,6,48,RONCHETTO SUL NAVIGLIO - Q.RE LODOVICO IL MORO,9.1487340765,45.4386504113,"(45.4386504113, 9.1487340765)",9.1487340765,45.4386504113,48,6,Ronchetto Sul Naviglio - Q.Re Lodovico Il Moro,517.5023780390626,77.3,20.8,4851,2.06,26.3,Zona ad alto potenziale non satura
MI1735,IMBRIANI SRL,5937180965,"VIA DEGLI IMBRIANI, 35",MILANO,,MI,15146,20158,9,77,BOVISA,9.1681546947,45.4998983189,"(45.4998983189, 9.1681546947)",9.1681546947,45.4998983189,77,9,Bovisa,340.7313030331263,60.7,49.4,4615,2.17,18.1,Zona bilanciata
MI2044,SFORZA SAS DI GUARNIERI ANTONIO,13794150964,"VIA LODOVICO IL MORO, 163",MILANO,,MI,15146,20142,6,48,RONCHETTO SUL NAVIGLIO - Q.RE LODOVICO IL MORO,9.12921539,45.4408237969,"(45.4408237969, 9.12921539)",9.12921539,45.4408237969,48,6,Ronchetto Sul Naviglio - Q.Re Lodovico Il Moro,441.5537337341589,77.3,20.8,4851,2.06,26.3,Zona ad alto potenziale non satura
MI0691,A.F.M. N. 12,13195220150,"VIA PRIVATA IGLESIAS, 48",MILANO,,MI,15146,20128,2,16,GORLA - PRECOTTO,9.2335284518,45.5054295373,"(45.5054295373, 9.2335284518)",9.2335284518,45.5054295373,16,2,Gorla - Precotto,359.4854172725767,82.9,15.7,6012,1.66,21.5,Zona ad alto potenziale non satura
MI1962,BIAZZI DELLA DR.SSA BIAZZI VALERIA SAS,11442380967,"VIA GIAMBELLINO,131/5",MILANO,,MI,15146,20147,6,49,GIAMBELLINO,9.13518277,45.44623228,"(45.44623228, 9.13518277)",9.13518277,45.44623228,49,6,Giambellino,504.8514045018844,61.5,51.3,4371,2.29,22.0,Zona bilanciata
MI1324,LAGHI,10224840156,"VIALE CERTOSA, 282",MILANO,,MI,15146,20156,8,72,MAGGIORE - MUSOCCO - CERTOSA,9.1255458766,45.5020823076,"(45.5020823076, 9.1255458766)",9.1255458766,45.5020823076,72,8,Maggiore - Musocco - Certosa,648.5861663952743,81.8,18.3,10508,0.95,14.2,Zona ad alto potenziale non satura
MI1741,FOGLIA FASOLIS SRL,4582870962,"VIA SAN CALIMERO, 1",MILANO,,MI,15146,20122,1,5,PORTA VIGENTINA - PORTA LODOVICA,9.1933572335,45.4573154847,"(45.4573154847, 9.1933572335)",9.1933572335,45.4573154847,5,1,Porta Vigentina - Porta Lodovica,56.06119802664969,11.9,81.1,1935,5.17,23.7,Zona molto competitiva
MI1973,DE MARCHI SRL,11844140969,"VIA EMILIO DE MARCHI, 10",MILANO,,MI,15146,20125,2,13,GRECO - SEGNANO,9.2091572048,45.5003338007,"(45.5003338007, 9.2091572048)",9.2091572048,45.5003338007,13,2,Greco - Segnano,238.5572898604342,93.3,34.2,8086,1.24,20.5,Zona ad alto potenziale non satura
MI0972,A.F.M. N. 78,13195220150,"VIA NEGROLI, 55",MILANO,,MI,15146,20133,4,25,CORSICA,9.232292012,45.4676839828,"(45.4676839828, 9.232292012)",9.232292012,45.4676839828,25,4,Corsica,164.0507150994863,45.8,71.6,3943,2.54,24.0,Zona molto competitiva
MI1838,SENATO SRL,8801680961,"VIA SENATO, 2",MILANO,,MI,15146,20121,1,4,GUASTALLA,9.1990829116,45.469093316,"(45.469093316, 9.1990829116)",9.1990829116,45.469093316,4,1,Guastalla,53.18995884317189,16.7,84.4,2198,4.55,25.1,Zona molto competitiva
MI2015,PLINIO SAS DR. BERNINI EDOARDO,12151280968,"VIA PLINIO, 11",MILANO,,MI,15146,20129,3,21,BUENOS AIRES - PORTA VENEZIA - PORTA MONFORTE,9.2126475969,45.4792715867,"(45.4792715867, 9.2126475969)",9.2126475969,45.4792715867,21,3,Buenos Aires - Porta Venezia - Porta Monforte,126.7111040965237,18.0,85.7,2213,4.52,23.3,Zona molto competitiva
MI1905,VENEZIA FARMA ACQUISITION SRL,2489000998,"CORSO BUENOS AIRES, 22",MILANO,,MI,15146,20124,3,21,BUENOS AIRES - PORTA VENEZIA - PORTA MONFORTE,9.2086932665,45.4778410054,"(45.4778410054, 9.2086932665)",9.2086932665,45.4778410054,21,3,Buenos Aires - Porta Venezia - Porta Monforte,270.7518562478131,18.0,85.7,2213,4.52,23.3,Zona molto competitiva
MI2064,ANTICA FARMACIA DIANA SNC DEL DOTT. DAMIOLI SILVIO,14435970968,"PIAZZA GUGLIELMO OBERDAN, 4",MILANO,,MI,15146,20129,3,21,BUENOS AIRES - PORTA VENEZIA - PORTA MONFORTE,9.206707426,45.4741688936,"(45.4741688936, 9.206707426)",9.206707426,45.4741688936,21,3,Buenos Aires - Porta Venezia - Porta Monforte,121.6837944548265,18.0,85.7,2213,4.52,23.3,Zona molto competitiva
MI1701,SARDEGNA SAS DEL DOTT. MAZZOLI DAVIDE,5345570963,"VIA SARDEGNA, 31",MILANO,,MI,15146,20146,7,51,PORTA MAGENTA,9.1525199307,45.4633292069,"(45.4633292069, 9.1525199307)",9.1525199307,45.4633292069,51,7,Porta Magenta,324.6950828390035,35.1,69.1,2963,3.38,24.4,Zona bilanciata
MI0971,A.F.M. N. 77,13195220150,"VIA MONTE NEVOSO,1",MILANO,,MI,15146,20131,3,20,LORETO - CASORETTO - NOLO,9.234353205764,45.486318797565,"(45.486318797565, 9.234353205764)",9.234353205764,45.486318797565,20,3,Loreto - Casoretto - Nolo,253.7350579986632,44.6,58.1,3548,2.82,18.4,Zona bilanciata
MI1804,CERINI SNC,7734420966,"VIA AURELIO SAFFI, 6",MILANO,,MI,15146,20123,1,7,MAGENTA - S. VITTORE,9.171814988,45.4693428033,"(45.4693428033, 9.171814988)",9.171814988,45.4693428033,7,1,Magenta - S. Vittore,148.0484122726525,7.0,92.1,1805,5.54,22.3,Zona molto competitiva
MI2002,AL PONTE SAS DEL DR. FRIGERIO GUIDO E C.,11795440962,"PIAZZA COSTANTINO, 1",MILANO,,MI,15146,20128,2,17,ADRIANO,9.2474901626,45.5098193071,"(45.5098193071, 9.2474901626)",9.2474901626,45.5098193071,17,2,Adriano,360.9019024584749,72.5,30.7,6068,1.65,17.4,Zona ad alto potenziale non satura
MI1736,COMINA SRL,5905960968,"VIA DELLE ANDE, 5",MILANO,,MI,15146,20151,8,65,Q.RE GALLARATESE - Q.RE SAN LEONARDO - LAMPUGNANO,9.125533639,45.4942477846,"(45.4942477846, 9.125533639)",9.125533639,45.4942477846,65,8,Q.Re Gallaratese - Q.Re San Leonardo - Lampugnano,449.3794069017271,49.5,45.6,3332,3.0,28.3,Zona bilanciata
MI0048,COOP.FARM.CANONICA,774640155,"VIA LUIGI CANONICA, 6",MILANO,,MI,15146,20154,1,69,SARPI,9.1769006239,45.4778329169,"(45.4778329169, 9.1769006239)",9.1769006239,45.4778329169,69,1,Sarpi,172.4457967646908,14.6,88.6,2177,4.59,20.6,Zona molto competitiva
MI1369,LORETO SNC,10703870153,"PIAZZALE LORETO, 7",MILANO,,MI,15146,20131,2,20,LORETO - CASORETTO - NOLO,9.2162053796,45.4865143055,"(45.4865143055, 9.2162053796)",9.2162053796,45.4865143055,20,2,Loreto - Casoretto - Nolo,238.3795891126086,44.6,58.1,3548,2.82,18.4,Zona bilanciata
MI1402,ARIBERTO SAS,10811240158,"VIA EDMONDO DE AMICIS, 51",MILANO,,MI,15146,20123,1,7,MAGENTA - S. VITTORE,9.1745807646,45.4606166135,"(45.4606166135, 9.1745807646)",9.1745807646,45.4606166135,7,1,Magenta - S. Vittore,288.6287320828219,7.0,92.1,1805,5.54,22.3,Zona molto competitiva
MI1818,MEDA SNC,8119590969,"VIA GIUSEPPE MEDA, 37",MILANO,,MI,15146,20141,5,43,TIBALDI,9.1788924994,45.4410809956,"(45.4410809956, 9.1788924994)",9.1788924994,45.4410809956,43,5,Tibaldi,296.0448979218149,55.1,60.8,3803,2.63,22.7,Zona bilanciata
MI1644,CADORNA SNC,3362610960,"PIAZZALE LUIGI CADORNA, 11",MILANO,,MI,15146,20123,1,7,MAGENTA - S. VITTORE,9.1761469232,45.4677473081,"(45.4677473081, 9.1761469232)",9.1761469232,45.4677473081,7,1,Magenta - S. Vittore,171.9512017219984,7.0,92.1,1805,5.54,22.3,Zona molto competitiva
MI1766,ROMA SNC,6700780965,"VIA PIACENZA, 24",MILANO,,MI,15146,20135,5,27,PTA ROMANA,9.20553002,45.4492238888,"(45.4492238888, 9.20553002)",9.20553002,45.4492238888,27,5,Pta Romana,103.6503674366668,25.8,78.4,2692,3.71,21.9,Zona molto competitiva
MI1796,MOIZIO & C. SNC,7355590964,"CORSO XXII MARZO, 37",MILANO,,MI,15146,20129,4,26,XXII MARZO,9.217813783,45.4623403938,"(45.4623403938, 9.217813783)",9.217813783,45.4623403938,26,4,Xxii Marzo,325.0659955321612,23.6,73.0,2227,4.49,24.2,Zona molto competitiva
MI1648,SACCHI SNC,3614190969,"VIA AUGUSTO ANFOSSI, 9",MILANO,,MI,15146,20135,4,26,XXII MARZO,9.2095996855,45.460441306,"(45.460441306, 9.2095996855)",9.2095996855,45.460441306,26,4,Xxii Marzo,235.5368126103812,23.6,73.0,2227,4.49,24.2,Zona molto competitiva
MI1814,BROLETTO,8043670960,"VIA BROLETTO, 30",MILANO,,MI,15146,20121,1,2,BRERA,9.1857394246,45.4677537202,"(45.4677537202, 9.1857394246)",9.1857394246,45.4677537202,2,1,Brera,194.2671814358666,6.0,93.1,1294,7.73,24.3,Zona molto competitiva
MI0657,A.F.M. N. 11,13195220150,"VIA LIVIGNO, 6",MILANO,,MI,15146,20158,9,79,DERGANO,9.1789143762,45.4983969105,"(45.4983969105, 9.1789143762)",9.1789143762,45.4983969105,79,9,Dergano,409.2529463746818,62.8,26.6,4780,2.09,17.1,Zona bilanciata
MI1609,PESENTI SRL,13066510150,"VIA IGNAZIO CIAIA, 3",MILANO,,MI,15146,20158,9,79,DERGANO,9.1757977331,45.5021574933,"(45.5021574933, 9.1757977331)",9.1757977331,45.5021574933,79,9,Dergano,421.9557599619614,62.8,26.6,4780,2.09,17.1,Zona bilanciata
MI2038,LAFARMACIA.PONTENUOVO SRL,13842170964,"VIA PONTE NUOVO, 40",MILANO,,MI,15146,20128,2,17,ADRIANO,9.2368179044,45.5076960872,"(45.5076960872, 9.2368179044)",9.2368179044,45.5076960872,17,2,Adriano,359.4854172725767,72.5,30.7,6068,1.65,17.4,Zona ad alto potenziale non satura
MI0683,A.F.M. N. 20,13195220150,"PIAZZA AXUM, 5",MILANO,,MI,15146,20151,7,60,STADIO - IPPODROMI,9.1231161305,45.4753385044,"(45.4753385044, 9.1231161305)",9.1231161305,45.4753385044,60,7,Stadio - Ippodromi,414.7892136670771,42.8,52.7,3231,3.1,22.7,Zona bilanciata
MI1793,VERCESI  SAS & C.,7492520965,"VIA 5 MAGGIO, 1",MILANO,,MI,15146,20157,8,76,QUARTO OGGIARO - VIALBA - MUSOCCO,9.1318388419,45.5094650879,"(45.5094650879, 9.1318388419)",9.1318388419,45.5094650879,76,8,Quarto Oggiaro - Vialba - Musocco,283.307383594104,43.7,60.5,3657,2.73,21.2,Zona bilanciata
MI2027,CARROBBIO SRL,13459130962,"VIA STAMPA, 14",MILANO,,MI,15146,20123,1,1,DUOMO,9.1818648899,45.4603682996,"(45.4603682996, 9.1818648899)",9.1818648899,45.4603682996,1,1,Duomo,101.1725227320975,1.1,99.0,636,15.73,24.0,Zona molto competitiva
MI0051,COOP.FARM.BIGLI,774640155,"VIA BIGLI, 28",MILANO,,MI,15146,20121,1,1,DUOMO,9.1926419219,45.4696984056,"(45.4696984056, 9.1926419219)",9.1926419219,45.4696984056,1,1,Duomo,385.2683406622313,1.1,99.0,636,15.73,24.0,Zona molto competitiva
MI1950,SANTA CATERINA SRL,11320830968,"VIALE CATERINA DA FORLI', 7",MILANO,,MI,15146,20146,6,52,BANDE NERE,9.1466496648,45.4592929852,"(45.4592929852, 9.1466496648)",9.1466496648,45.4592929852,52,6,Bande Nere,602.5454900974778,50.6,50.5,3672,2.72,24.9,Zona bilanciata
MI1708,FARINI SNC DELLA DOTT.SSA ANTONIETTA TRAVIERSO E C,5488940965,"VIA ARNALDO DA BRESCIA, 1",MILANO,,MI,15146,20159,9,11,ISOLA,9.1830172339,45.4901776162,"(45.4901776162, 9.1830172339)",9.1830172339,45.4901776162,11,9,Isola,368.5612743759267,30.3,59.7,3165,3.16,20.5,Zona pressione parafarmacie
MI0421,A.F.M. N. 42,13195220150,"VIA SALVATORE BARZILAI, 1",MILANO,,MI,15146,20146,6,52,BANDE NERE,9.1412827322,45.452060702,"(45.452060702, 9.1412827322)",9.1412827322,45.452060702,52,6,Bande Nere,250.9858605476584,50.6,50.5,3672,2.72,24.9,Zona bilanciata
MI1023,BOCCACCIO,4636170153,"VIA GIOVANNI BOCCACCIO, 26",MILANO,,MI,15146,20123,1,7,MAGENTA - S. VITTORE,9.1700988771,45.4677177199,"(45.4677177199, 9.1700988771)",9.1700988771,45.4677177199,7,1,Magenta - S. Vittore,224.8594768482687,7.0,92.1,1805,5.54,22.3,Zona molto competitiva
MI2054,MILANO BAIRES,12283700966,"CORSO BUENOS AIRES, 55",MILANO,,MI,15146,20124,3,21,BUENOS AIRES - PORTA VENEZIA - PORTA MONFORTE,9.2125610119,45.4821724796,"(45.4821724796, 9.2125610119)",9.2125610119,45.4821724796,21,3,Buenos Aires - Porta Venezia - Porta Monforte,183.2354503796739,18.0,85.7,2213,4.52,23.3,Zona molto competitiva
MI1938,SANTA TERESA SRL,11050820965,"CORSO MAGENTA, 96",MILANO,,MI,15146,20123,1,7,MAGENTA - S. VITTORE,9.1664192216,45.4660534093,"(45.4660534093, 9.1664192216)",9.1664192216,45.4660534093,7,1,Magenta - S. Vittore,196.8050596372184,7.0,92.1,1805,5.54,22.3,Zona molto competitiva
MI1732,RAIMONDI SNC & C.,5752140961,"LARGO LA FOPPA, 1",MILANO,,MI,15146,20121,1,2,BRERA,9.1842555763,45.4781808916,"(45.4781808916, 9.1842555763)",9.1842555763,45.4781808916,2,1,Brera,197.0994002708614,6.0,93.1,1294,7.73,24.3,Zona molto competitiva
MI1632,LIBERTY,1682210032,"VIA SAN PAOLO, 13",MILANO,,MI,15146,20121,1,1,DUOMO,9.1930757692,45.4662469893,"(45.4662469893, 9.1930757692)",9.1930757692,45.4662469893,1,1,Duomo,316.0289204937304,1.1,99.0,636,15.73,24.0,Zona molto competitiva
MI1621,SCIENTIFICA,13282140154,"VIA CIRO MENOTTI, 18",MILANO,,MI,15146,20129,3,21,BUENOS AIRES - PORTA VENEZIA - PORTA MONFORTE,9.2133817678,45.4710274821,"(45.4710274821, 9.2133817678)",9.2133817678,45.4710274821,21,3,Buenos Aires - Porta Venezia - Porta Monforte,175.6423918831387,18.0,85.7,2213,4.52,23.3,Zona molto competitiva
MI1857,BARONA SAS,9270110969,"PIAZZA GUGLIELMO MIANI, 3",MILANO,,MI,15146,20143,6,45,MONCUCCO - SAN CRISTOFORO,9.1552299676,45.4377100875,"(45.4377100875, 9.1552299676)",9.1552299676,45.4377100875,45,6,Moncucco - San Cristoforo,465.1638981801688,37.7,43.7,2725,3.67,21.7,Zona bilanciata
MI1917,SAN BABILA FARMA SRL,10393660963,"VIA DELLA SPIGA, 2",MILANO,,MI,15146,20121,1,1,DUOMO,9.1987365713,45.4686812197,"(45.4686812197, 9.1987365713)",9.1987365713,45.4686812197,1,1,Duomo,53.18995884317189,1.1,99.0,636,15.73,24.0,Zona molto competitiva
MI1666,FERRARINI SNC,4026870966,"PIAZZA CINQUE GIORNATE, 6",MILANO,,MI,15146,20129,1,4,GUASTALLA,9.2071820093,45.4617107033,"(45.4617107033, 9.2071820093)",9.2071820093,45.4617107033,4,1,Guastalla,103.7350268573331,16.7,84.4,2198,4.55,25.1,Zona molto competitiva
MI0694,A.F.M. N. 37,13195220150,"VIA VETTA D'ITALIA, 18",MILANO,,MI,15146,20144,7,51,PORTA MAGENTA,9.1574449694,45.4605651905,"(45.4605651905, 9.1574449694)",9.1574449694,45.4605651905,51,7,Porta Magenta,167.5579198565446,35.1,69.1,2963,3.38,24.4,Zona bilanciata
MI1970,DELLA TORRETTA MILANO SAS DI DR.SSA MONICA ROCCHI E C.,11510970962,"LARGO PROMESSI SPOSI, 4",MILANO,,MI,15146,20142,5,42,STADERA - CHIESA ROSSA - Q.RE TORRETTA - CONCA FALLATA,9.1731824117,45.4357874046,"(45.4357874046, 9.1731824117)",9.1731824117,45.4357874046,42,5,Stadera - Chiesa Rossa - Q.Re Torretta - Conca Fallata,394.8893146443928,61.9,34.7,4124,2.42,22.8,Zona bilanciata
MI0704,A.F.M. N. 39,13195220150,"PIAZZA ANITA GARIBALDI, 8",MILANO,,MI,15146,20153,7,55,BAGGIO - Q.RE DEGLI OLMI - Q.RE VALSESIA,9.0874989932,45.4634181808,"(45.4634181808, 9.0874989932)",9.0874989932,45.4634181808,55,7,Baggio - Q.Re Degli Olmi - Q.Re Valsesia,431.3968612288433,79.5,26.2,6137,1.63,24.5,Zona ad alto potenziale non satura
MI0056,COOP.FARM.COLOMBO,774640155,"CORSO CRISTOFORO COLOMBO, 1",MILANO,,MI,15146,20144,6,44,PORTA TICINESE - CONCHETTA,9.1728570262,45.4552425144,"(45.4552425144, 9.1728570262)",9.1728570262,45.4552425144,44,6,Porta Ticinese - Conchetta,152.8067705043298,16.6,88.6,2354,4.25,20.2,Zona molto competitiva
MI1698,ALLA PORTA SRL,5353530966,"CORSO DI PORTA ROMANA, 126",MILANO,,MI,15146,20122,1,5,PORTA VIGENTINA - PORTA LODOVICA,9.2007977717,45.4529413007,"(45.4529413007, 9.2007977717)",9.2007977717,45.4529413007,5,1,Porta Vigentina - Porta Lodovica,292.5601083001543,11.9,81.1,1935,5.17,23.7,Zona molto competitiva
MI1915,MONTE SANTO SRL,10561900969,"PIAZZALE PRINCIPESSA CLOTILDE, 8",MILANO,,MI,15146,20121,9,9,PORTA GARIBALDI - PORTA NUOVA,9.1933782721,45.4797530014,"(45.4797530014, 9.1933782721)",9.1933782721,45.4797530014,9,9,Porta Garibaldi - Porta Nuova,87.62563111786541,4.6,74.7,1149,8.7,22.3,Zona molto competitiva
MI1592,EUROPA SNC DEL DR.MARIO DE CONCA & C,12507350150,"VIALE MONZA, 177",MILANO,,MI,15146,20126,2,16,GORLA - PRECOTTO,9.2218561234,45.5039800124,"(45.5039800124, 9.2218561234)",9.2218561234,45.5039800124,16,2,Gorla - Precotto,271.5580367154487,82.9,15.7,6012,1.66,21.5,Zona ad alto potenziale non satura
MI1835,WAGNER SRL,8844420961,"VIA MICHELANGELO BUONARROTI, 5",MILANO,,MI,15146,20149,7,58,DE ANGELI - MONTE ROSA,9.1549629202,45.4674873014,"(45.4674873014, 9.1549629202)",9.1549629202,45.4674873014,58,7,De Angeli - Monte Rosa,129.9472174294397,34.7,58.3,2394,4.18,24.0,Zona bilanciata
MI2062,UNICA BOVISASCA,14018620964,VIA BOVISASCA,MILANO,,MI,15146,20161,9,81,BOVISASCA,9.1597116874,45.5125974051,"(45.5125974051, 9.1597116874)",9.1597116874,45.5125974051,81,9,Bovisasca,989.7630193768725,60.4,32.2,3774,2.65,26.0,Zona bilanciata
MI1746,PRIMATICCIO,6327200967,"VIA FRANCESCO PRIMATICCIO, 96",MILANO,,MI,15146,20147,6,52,BANDE NERE,9.1327014979,45.4548442199,"(45.4548442199, 9.1327014979)",9.1327014979,45.4548442199,52,6,Bande Nere,368.8140786377417,50.6,50.5,3672,2.72,24.9,Zona bilanciata
MI0910,A.F.M. N. 60,13195220150,"VIA MARCO D'AGRATE, 8",MILANO,,MI,15146,20139,5,36,SCALO ROMANA,9.2150950288,45.4369689177,"(45.4369689177, 9.2150950288)",9.2150950288,45.4369689177,36,5,Scalo Romana,309.1428330482223,95.7,23.2,12030,0.83,18.2,Zona ad alto potenziale non satura
MI1430,ITALIA SNC,10843300152,"CORSO INDIPENDENZA, 14",MILANO,,MI,15146,20129,4,26,XXII MARZO,9.2136468874,45.4675481121,"(45.4675481121, 9.2136468874)",9.2136468874,45.4675481121,26,4,Xxii Marzo,201.001453265402,23.6,73.0,2227,4.49,24.2,Zona molto competitiva
MI1812,IGEA SRL,7980390962,"VIA GUSTAVO MODENA, 25",MILANO,,MI,15146,20129,3,21,BUENOS AIRES - PORTA VENEZIA - PORTA MONFORTE,9.2156265253,45.470896892,"(45.470896892, 9.2156265253)",9.2156265253,45.470896892,21,3,Buenos Aires - Porta Venezia - Porta Monforte,175.6423918831387,18.0,85.7,2213,4.52,23.3,Zona molto competitiva
MI1190,A.F.M. N. 84,13195220150,"VIA AGOSTINO DEPRETIS, 1",MILANO,,MI,15146,20142,6,46,BARONA,9.1537458678,45.4318508019,"(45.4318508019, 9.1537458678)",9.1537458678,45.4318508019,46,6,Barona,661.7339921364453,86.0,16.1,5515,1.81,31.1,Zona ad alto potenziale non satura
MI0653,A.F.M. N. 04,13195220150,"VIA VOLVINIO, 25",MILANO,,MI,15146,20141,5,42,STADERA - CHIESA ROSSA - Q.RE TORRETTA - CONCA FALLATA,9.18373791,45.4356097083,"(45.4356097083, 9.18373791)",9.18373791,45.4356097083,42,5,Stadera - Chiesa Rossa - Q.Re Torretta - Conca Fallata,324.8496814873822,61.9,34.7,4124,2.42,22.8,Zona bilanciata
MI1946,SAN MICHELE SRL,11070440968,"VIALE CONI ZUGNA, 12",MILANO,,MI,15146,20144,7,51,PORTA MAGENTA,9.1651445018,45.4597958994,"(45.4597958994, 9.1651445018)",9.1651445018,45.4597958994,51,7,Porta Magenta,151.7811528241024,35.1,69.1,2963,3.38,24.4,Zona bilanciata
MI1992,DEL MERCATO SRL,12310470963,"VIA VARSAVIA, 4",MILANO,,MI,15146,20137,4,29,ORTOMERCATO,9.2289640611,45.4525906897,"(45.4525906897, 9.2289640611)",9.2289640611,45.4525906897,29,4,Ortomercato,378.6853062056043,24.0,56.3,2046,4.89,18.6,Zona bilanciata
MI1784,ARGONNE SAS DEL DR. MAZZANTINI MASSIMO & C.,7117510961,"VIA UMBERTO MASOTTO, 1",MILANO,,MI,15146,20133,4,25,CORSICA,9.2304392761,45.4669851835,"(45.4669851835, 9.2304392761)",9.2304392761,45.4669851835,25,4,Corsica,164.0507150994863,45.8,71.6,3943,2.54,24.0,Zona molto competitiva
MI1887,SANSOVINO SNC DELLA DOTT.SSA SANSONE FEDERICA & C.,10124080960,"VIA SANSOVINO, 1",MILANO,,MI,15146,20133,3,21,BUENOS AIRES - PORTA VENEZIA - PORTA MONFORTE,9.2175491663,45.4792184036,"(45.4792184036, 9.2175491663)",9.2175491663,45.4792184036,21,3,Buenos Aires - Porta Venezia - Porta Monforte,206.2801440670155,18.0,85.7,2213,4.52,23.3,Zona molto competitiva
MI1757,COMASINA SAS DELLA DOTT.SSA VERCESI LAURA & C.,6579460962,"PIAZZA CARDINALE PIETRO GASPARRI, 9",MILANO,,MI,15146,20161,9,82,COMASINA,9.1623976683,45.5266937127,"(45.5266937127, 9.1623976683)",9.1623976683,45.5266937127,82,9,Comasina,407.6545098318075,67.6,31.3,5068,1.97,16.6,Zona bilanciata
MI1723,BRIANZA SRL,5675450968,"VIALE BRIANZA, 23",MILANO,,MI,15146,20127,2,10,STAZIONE CENTRALE - PONTE SEVESO,9.2119641366,45.4879207888,"(45.4879207888, 9.2119641366)",9.2119641366,45.4879207888,10,2,Stazione Centrale - Ponte Seveso,365.7503650492602,6.7,90.0,1717,5.82,21.7,Zona molto competitiva
MI0921,A.F.M. N. 65,13195220150,"VIA MARCONA, 72",MILANO,,MI,15146,20129,4,26,XXII MARZO,9.2212349406,45.4640103204,"(45.4640103204, 9.2212349406)",9.2212349406,45.4640103204,26,4,Xxii Marzo,263.6974669943363,23.6,73.0,2227,4.49,24.2,Zona molto competitiva
MI1750,WASHINGTON SAS DELLA DR.SSA CELI ELENA SERENA FRANCESCA,6393130965,"VIA ETNA, 2",MILANO,,MI,15146,20144,7,51,PORTA MAGENTA,9.1558370689,45.4615646067,"(45.4615646067, 9.1558370689)",9.1558370689,45.4615646067,51,7,Porta Magenta,167.5579198565446,35.1,69.1,2963,3.38,24.4,Zona bilanciata
MI0744,A.F.M. N. 27,13195220150,PIAZZA TITO IMPERATORE 8,MILANO,,MI,15146,20123,1,7,MAGENTA - S. VITTORE,9.17312736,45.4683807,"(45.4683807, 9.17312736)",9.17312736,45.4683807,7,1,Magenta - S. Vittore,148.0484122726525,7.0,92.1,1805,5.54,22.3,Zona molto competitiva
MI2049,LAFARMACIA.DELL'ORSO MILANO,6769500965,"VIA DELL'ORSO, 1",MILANO,,MI,15146,20121,1,2,BRERA,9.1874047412,45.4690530829,"(45.4690530829, 9.1874047412)",9.1874047412,45.4690530829,2,1,Brera,194.2671814358666,6.0,93.1,1294,7.73,24.3,Zona molto competitiva
MI1934,LAMBRATE SRL,10991560961,"VIA GIOVANNI PACINI, 70",MILANO,,MI,15146,20131,3,22,CITTA' STUDI,9.2350518374,45.4840900914,"(45.4840900914, 9.2350518374)",9.2350518374,45.4840900914,22,3,Citta' Studi,232.1523956067163,36.7,68.1,3248,3.08,24.2,Zona bilanciata
MI0699,A.F.M. N. 30,13195220150,"VIA FRANCESCO PIZZOLPASSO, 5",MILANO,,MI,15146,20138,4,33,ROGOREDO - SANTA GIULIA,9.2406304969,45.4356322975,"(45.4356322975, 9.2406304969)",9.2406304969,45.4356322975,33,4,Rogoredo - Santa Giulia,484.2269561959689,70.6,18.4,5858,1.71,14.9,Zona ad alto potenziale non satura
MI0732,A.F.M. N. 41,13195220150,"VIALE GIOVANNI SUZZANI, 239",MILANO,,MI,15146,20162,9,14,NIGUARDA - CA' GRANDA - PRATO CENTENARO - Q.RE FULVIO TESTI,9.2065668615,45.5223569998,"(45.5223569998, 9.2065668615)",9.2065668615,45.5223569998,14,9,Niguarda - Ca' Granda - Prato Centenaro - Q.Re Fulvio Testi,436.8294628868005,60.0,45.7,4030,2.48,25.7,Zona servizi senior
MI1485,SAN GIORGIO,11395060152,"VIA TORINO, 48",MILANO,,MI,15146,20123,1,1,DUOMO,9.1846760126,45.461179584,"(45.461179584, 9.1846760126)",9.1846760126,45.461179584,1,1,Duomo,222.181149065378,1.1,99.0,636,15.73,24.0,Zona molto competitiva
MI1901,PASUBIO FARMA ACQUISITION SRL,2489000998,"VIALE PASUBIO, 6",MILANO,,MI,15146,20154,9,9,PORTA GARIBALDI - PORTA NUOVA,9.1855411926,45.4813707925,"(45.4813707925, 9.1855411926)",9.1855411926,45.4813707925,9,9,Porta Garibaldi - Porta Nuova,343.8263514132512,4.6,74.7,1149,8.7,22.3,Zona molto competitiva
MI0927,A.F.M. N. 70,13195220150,"VIALE FAMAGOSTA, 36",MILANO,,MI,15146,20142,6,46,BARONA,9.1611077772,45.4370104081,"(45.4370104081, 9.1611077772)",9.1611077772,45.4370104081,46,6,Barona,465.1638981801688,86.0,16.1,5515,1.81,31.1,Zona ad alto potenziale non satura
MI1720,CASTOLDI DEI DOTTORI NATALE E SANTILLI SRL,6197990960,"VIA LUIGI PORRO LAMBERTENGHI, 25",MILANO,,MI,15146,20159,9,11,ISOLA,9.1884999206,45.4890870049,"(45.4890870049, 9.1884999206)",9.1884999206,45.4890870049,11,9,Isola,216.1758540303587,30.3,59.7,3165,3.16,20.5,Zona pressione parafarmacie
MI1869,REALE,9517590965,"VIA LARGA, 16",MILANO,,MI,15146,20122,1,1,DUOMO,9.1915308168,45.461267594,"(45.461267594, 9.1915308168)",9.1915308168,45.461267594,1,1,Duomo,227.4023667449042,1.1,99.0,636,15.73,24.0,Zona molto competitiva
MI0712,A.F.M. N. 40,13195220150,"VIA DELLA CHIESA ROSSA, 95",MILANO,,MI,15146,20142,5,42,STADERA - CHIESA ROSSA - Q.RE TORRETTA - CONCA FALLATA,9.1704193173,45.4271739095,"(45.4271739095, 9.1704193173)",9.1704193173,45.4271739095,42,5,Stadera - Chiesa Rossa - Q.Re Torretta - Conca Fallata,423.0517258693265,61.9,34.7,4124,2.42,22.8,Zona bilanciata
MI1928,VITRUVIO,10881640964,"VIA VITRUVIO, 39",MILANO,,MI,15146,20124,3,21,BUENOS AIRES - PORTA VENEZIA - PORTA MONFORTE,9.206807925,45.482210282,"(45.482210282, 9.206807925)",9.206807925,45.482210282,21,3,Buenos Aires - Porta Venezia - Porta Monforte,205.3757691207329,18.0,85.7,2213,4.52,23.3,Zona molto competitiva
MI1908,CONI ZUGNA FARMA SRL,10376470968,"VIALE CONI ZUGNA, 56",MILANO,,MI,15146,20144,6,44,PORTA TICINESE - CONCHETTA,9.1706359057,45.45616159,"(45.45616159, 9.1706359057)",9.1706359057,45.45616159,44,6,Porta Ticinese - Conchetta,167.3272543547782,16.6,88.6,2354,4.25,20.2,Zona molto competitiva
MI2033,DR.MAX MILANO ALTAMURA,12283700966,"VIA SAVERIO ALTAMURA, 20",MILANO,,MI,15146,20148,7,57,SAN SIRO,9.1401795061,45.4700086198,"(45.4700086198, 9.1401795061)",9.1401795061,45.4700086198,57,7,San Siro,247.4023867451757,61.1,49.1,4282,2.34,20.9,Zona bilanciata
MI1119,REMBRANDT,7666090159,"VIA REMBRANDT,49",MILANO,,MI,15146,20147,7,52,BANDE NERE,9.1342894,45.467528,"(45.467528, 9.1342894)",9.1342894,45.467528,52,7,Bande Nere,196.3873483822567,50.6,50.5,3672,2.72,24.9,Zona bilanciata
MI0693,A.F.M. N. 33,13195220150,"VIA LUIGI ANGELONI, 20",MILANO,,MI,15146,20161,9,83,BRUZZANO,9.1757457653,45.5264987915,"(45.5264987915, 9.1757457653)",9.1757457653,45.5264987915,83,9,Bruzzano,205.2002357812594,81.4,49.0,6342,1.58,24.2,Zona ad alto potenziale non satura
MI1877,CAIROLI SRL,9145070968,"VIA SAN GIOVANNI SUL MURO, 9",MILANO,,MI,15146,20121,1,1,DUOMO,9.181485525,45.4667382107,"(45.4667382107, 9.181485525)",9.181485525,45.4667382107,1,1,Duomo,303.3305722942493,1.1,99.0,636,15.73,24.0,Zona molto competitiva
MI1687,SAN GIOVANNI SAS DR.SSA COSTA ANTONELLA,5273210962,"VIA POLA, 13",MILANO,,MI,15146,20124,9,11,ISOLA,9.1940738525,45.4886807747,"(45.4886807747, 9.1940738525)",9.1940738525,45.4886807747,11,9,Isola,339.4533314619896,30.3,59.7,3165,3.16,20.5,Zona pressione parafarmacie
MI0045,COOP.FARM.DUOMO,774640155,"VIA OREFICI, 2",MILANO,,MI,15146,20123,1,1,DUOMO,9.1880702643,45.4640630844,"(45.4640630844, 9.1880702643)",9.1880702643,45.4640630844,1,1,Duomo,110.8047619283738,1.1,99.0,636,15.73,24.0,Zona molto competitiva
MI2011,AMBROSIANA SNC DEL DR. SLAVIERO GIOVANNI & C.,12673910969,"VIALE REGINA GIOVANNA, 42",MILANO,,MI,15146,20129,3,21,BUENOS AIRES - PORTA VENEZIA - PORTA MONFORTE,9.2142116601,45.4730753905,"(45.4730753905, 9.2142116601)",9.2142116601,45.4730753905,21,3,Buenos Aires - Porta Venezia - Porta Monforte,236.7333306653436,18.0,85.7,2213,4.52,23.3,Zona molto competitiva
MI2001,BANDI SRL,12444410968,"VIA ROVERETO, 14",MILANO,,MI,15146,20127,2,20,LORETO - CASORETTO - NOLO,9.2197182352,45.494979399,"(45.494979399, 9.2197182352)",9.2197182352,45.494979399,20,2,Loreto - Casoretto - Nolo,217.6669674186818,44.6,58.1,3548,2.82,18.4,Zona bilanciata
MI1716,OGGIARO SRL,4720760968,"VIA GIUSEPPE UNGARETTI, 12",MILANO,,MI,15146,20157,8,76,QUARTO OGGIARO - VIALBA - MUSOCCO,9.1421765784,45.5153586974,"(45.5153586974, 9.1421765784)",9.1421765784,45.5153586974,76,8,Quarto Oggiaro - Vialba - Musocco,204.5790479522574,43.7,60.5,3657,2.73,21.2,Zona bilanciata
MI1943,DEL CORSO SRL,10945450962,"CORSO GENOVA, 23",MILANO,,MI,15146,20123,1,6,PORTA TICINESE - CONCA DEL NAVIGLIO,9.1749712774,45.4566834892,"(45.4566834892, 9.1749712774)",9.1749712774,45.4566834892,6,1,Porta Ticinese - Conca Del Naviglio,67.74058244357882,11.9,88.2,2010,4.98,21.9,Zona molto competitiva
MI1986,SANT'ANNA SNC  DELLA  DOTT.SSA CRISTINA BRAVI & DEL DOTT. MARIO UBEZIO,12150970965,"VIA PIER ALESSANDRO PARAVIA, 73",MILANO,,MI,15146,20148,7,60,STADIO - IPPODROMI,9.1340423604,45.4735472917,"(45.4735472917, 9.1340423604)",9.1340423604,45.4735472917,60,7,Stadio - Ippodromi,205.0245113060743,42.8,52.7,3231,3.1,22.7,Zona bilanciata
MI0716,A.F.M. N. 80,13195220150,"PIAZZALE FRATELLI ZAVATTARI, 4",MILANO,,MI,15146,20149,7,58,DE ANGELI - MONTE ROSA,9.1436647853,45.4757469965,"(45.4757469965, 9.1436647853)",9.1436647853,45.4757469965,58,7,De Angeli - Monte Rosa,341.8862318182051,34.7,58.3,2394,4.18,24.0,Zona bilanciata
MI1630,SAN PAOLO SRL,13367530154,"VIA PORDENONE, 1",MILANO,,MI,15146,20132,3,18,CIMIANO - ROTTOLE - Q.RE FELTRE,9.2341481844,45.490144382,"(45.490144382, 9.2341481844)",9.2341481844,45.490144382,18,3,Cimiano - Rottole - Q.Re Feltre,263.7788160802676,41.4,58.1,3250,3.08,25.7,Zona bilanciata
MI1958,CENISIO SRL,11469180969,"VIA SAN GALDINO, 11",MILANO,,MI,15146,20154,8,69,SARPI,9.1666422641,45.4870771922,"(45.4870771922, 9.1666422641)",9.1666422641,45.4870771922,69,8,Sarpi,171.8168068085084,14.6,88.6,2177,4.59,20.6,Zona molto competitiva
MI2018,CANONICA SNC DEL DR. PIERCARLO MANELLI,13228000967,"VIA LUIGI CANONICA, 32",MILANO,,MI,15146,20154,1,69,SARPI,9.17450692,45.4789591932,"(45.4789591932, 9.17450692)",9.17450692,45.4789591932,69,1,Sarpi,224.7559508413894,14.6,88.6,2177,4.59,20.6,Zona molto competitiva
MI0664,A.F.M. N. 22,13195220150,"VIA FRATELLI ZOIA, 43",MILANO,,MI,15146,20153,7,61,QUARTO CAGNINO,9.1093262234,45.4738650077,"(45.4738650077, 9.1093262234)",9.1093262234,45.4738650077,61,7,Quarto Cagnino,288.3110814815626,80.5,37.4,4976,2.01,26.7,Zona ad alto potenziale non satura
MI0177,EREDI DR. BRUNI CLAUDIO,14235720969,"VIA SAN MARCO, 18",MILANO,,MI,15146,20121,1,2,BRERA,9.1885364657,45.4751424098,"(45.4751424098, 9.1885364657)",9.1885364657,45.4751424098,2,1,Brera,300.9008557947212,6.0,93.1,1294,7.73,24.3,Zona molto competitiva
MI1502,CORSICO,11650210153,"CORSO LODI, 19",MILANO,,MI,15146,20135,4,27,PTA ROMANA,9.2061895082,45.4500331196,"(45.4500331196, 9.2061895082)",9.2061895082,45.4500331196,27,4,Pta Romana,103.6503674366668,25.8,78.4,2692,3.71,21.9,Zona molto competitiva
MI1820,NOVARA SRL,8267990961,"VIA NOVARA,90",MILANO,,MI,15146,20153,7,60,STADIO - IPPODROMI,9.11970245,45.47247759,"(45.47247759, 9.11970245)",9.11970245,45.47247759,60,7,Stadio - Ippodromi,414.7892136670771,42.8,52.7,3231,3.1,22.7,Zona bilanciata
MI1624,CENTRALE SNC,13261480159,"VIA SPADARI, 13",MILANO,,MI,15146,20123,1,1,DUOMO,9.1867082888,45.4637793151,"(45.4637793151, 9.1867082888)",9.1867082888,45.4637793151,1,1,Duomo,110.8047619283738,1.1,99.0,636,15.73,24.0,Zona molto competitiva
MI0672,A.F.M. N. 81,13195220150,"VIA LUIGI CHIARELLI, 10",MILANO,,MI,15146,20151,8,65,Q.RE GALLARATESE - Q.RE SAN LEONARDO - LAMPUGNANO,9.1215372314,45.4912637852,"(45.4912637852, 9.1215372314)",9.1215372314,45.4912637852,65,8,Q.Re Gallaratese - Q.Re San Leonardo - Lampugnano,391.487603335456,49.5,45.6,3332,3.0,28.3,Zona bilanciata
MI2016,TRIPHARMA SAS DI MANELLI MARIA LUISA & C.,12968820964,"VIA GUGLIELMO SILVA, 39",MILANO,,MI,15146,20149,8,58,DE ANGELI - MONTE ROSA,9.1471918901,45.47825482,"(45.47825482, 9.1471918901)",9.1471918901,45.47825482,58,8,De Angeli - Monte Rosa,301.8650892548174,34.7,58.3,2394,4.18,24.0,Zona bilanciata
MI2065,CASTELMORRONE SRL,14414600966,"VIA CASTEL MORRONE, 6",MILANO,,MI,15146,20129,3,21,BUENOS AIRES - PORTA VENEZIA - PORTA MONFORTE,9.2149268879,45.4691171206,"(45.4691171206, 9.2149268879)",9.2149268879,45.4691171206,21,3,Buenos Aires - Porta Venezia - Porta Monforte,201.001453265402,18.0,85.7,2213,4.52,23.3,Zona molto competitiva
MI0013,PONTESEVESO,1533800155,"VIA GIOVANNI SCHIAPARELLI, 4",MILANO,,MI,15146,20125,2,10,STAZIONE CENTRALE - PONTE SEVESO,9.2053929759,45.4895744126,"(45.4895744126, 9.2053929759)",9.2053929759,45.4895744126,10,2,Stazione Centrale - Ponte Seveso,286.4293804703157,6.7,90.0,1717,5.82,21.7,Zona molto competitiva
MI1886,CARLO ERBA FARMA ACQUISITION SRL,2489000998,"PIAZZA DEL DUOMO, 21",MILANO,,MI,15146,20121,1,1,DUOMO,9.1895970279,45.4647892087,"(45.4647892087, 9.1895970279)",9.1895970279,45.4647892087,1,1,Duomo,143.8617544337993,1.1,99.0,636,15.73,24.0,Zona molto competitiva
MI0899,A.F.M. N. 57,13195220150,"VIA SIMONE SAINT BON, 38",MILANO,,MI,15146,20147,7,56,FORZE ARMATE,9.1219029339,45.4578064966,"(45.4578064966, 9.1219029339)",9.1219029339,45.4578064966,56,7,Forze Armate,363.0608581564837,67.1,31.0,4198,2.38,25.1,Zona servizi senior
MI2005,DELLA CITTADELLA SAS DELLA DR.SSA FILOMENI MARIACRISTINA,12608800962,"CORSO DI PORTA TICINESE, 50",MILANO,,MI,15146,20123,1,6,PORTA TICINESE - CONCA DEL NAVIGLIO,9.180732411,45.4566668093,"(45.4566668093, 9.180732411)",9.180732411,45.4566668093,6,1,Porta Ticinese - Conca Del Naviglio,192.0514885262847,11.9,88.2,2010,4.98,21.9,Zona molto competitiva
MI2003,DR.MAX ITALIA SRL - INSUBRIA,3664141201,"PIAZZA INSUBRIA, 11",MILANO,,MI,15146,20137,4,28,UMBRIA - MOLISE - CALVAIRATE,9.2208378898,45.4522850856,"(45.4522850856, 9.2208378898)",9.2208378898,45.4522850856,28,4,Umbria - Molise - Calvairate,293.0013596064015,71.5,43.8,5788,1.73,22.3,Zona ad alto potenziale non satura
MI1165,LAMPUGNANO,8299490154,"VIA GIULIO NATTA, 20",MILANO,,MI,15146,20151,8,65,Q.RE GALLARATESE - Q.RE SAN LEONARDO - LAMPUGNANO,9.1182054249,45.4886293949,"(45.4886293949, 9.1182054249)",9.1182054249,45.4886293949,65,8,Q.Re Gallaratese - Q.Re San Leonardo - Lampugnano,391.487603335456,49.5,45.6,3332,3.0,28.3,Zona bilanciata
MI2057,MILANO PORTA ROMANA,12283700966,"CORSO DI PORTA ROMANA, 68",MILANO,,MI,15146,20122,1,5,PORTA VIGENTINA - PORTA LODOVICA,9.1939592218,45.4570400135,"(45.4570400135, 9.1939592218)",9.1939592218,45.4570400135,5,1,Porta Vigentina - Porta Lodovica,56.06119802664969,11.9,81.1,1935,5.17,23.7,Zona molto competitiva
MI1907,DURINI FARMA ACQUISITION SRL,2489000998,"GALLERIA PASSARELLA, 1",MILANO,,MI,15146,20122,1,1,DUOMO,9.1971808901,45.465674212,"(45.465674212, 9.1971808901)",9.1971808901,45.465674212,1,1,Duomo,258.0826416758752,1.1,99.0,636,15.73,24.0,Zona molto competitiva
MI1738,SANTO SPIRITO SNC & C.,5989380968,"VIALE MONZA, 325",MILANO,,MI,15146,20126,2,16,GORLA - PRECOTTO,9.2255102141,45.5184455847,"(45.5184455847, 9.2255102141)",9.2255102141,45.5184455847,16,2,Gorla - Precotto,599.2825555478188,82.9,15.7,6012,1.66,21.5,Zona ad alto potenziale non satura
MI0049,COOP.FARM.PONTACCIO,774640155,"VIA PONTACCIO, 22",MILANO,,MI,15146,20121,1,2,BRERA,9.1841134192,45.4722227834,"(45.4722227834, 9.1841134192)",9.1841134192,45.4722227834,2,1,Brera,160.5885826384056,6.0,93.1,1294,7.73,24.3,Zona molto competitiva
MI1686,LANZANI SRL,5270390965,"VIA MICHELE LESSONA, 2",MILANO,,MI,15146,20157,8,76,QUARTO OGGIARO - VIALBA - MUSOCCO,9.1368965661,45.5132990961,"(45.5132990961, 9.1368965661)",9.1368965661,45.5132990961,76,8,Quarto Oggiaro - Vialba - Musocco,470.8547531695418,43.7,60.5,3657,2.73,21.2,Zona bilanciata
MI1498,BOIFAVA SRL,10698600151,"VIA PIETRO BOIFAVA,31/B",MILANO,,MI,15146,20142,5,42,STADERA - CHIESA ROSSA - Q.RE TORRETTA - CONCA FALLATA,9.17584,45.42722,"(45.42722, 9.17584)",9.17584,45.42722,42,5,Stadera - Chiesa Rossa - Q.Re Torretta - Conca Fallata,423.0517258693265,61.9,34.7,4124,2.42,22.8,Zona bilanciata
MI0931,A.F.M. N. 68,13195220150,"PIAZZA ERNESTO DE ANGELI, 1",MILANO,,MI,15146,20146,7,51,PORTA MAGENTA,9.1507132115,45.4660620845,"(45.4660620845, 9.1507132115)",9.1507132115,45.4660620845,51,7,Porta Magenta,245.1897963641303,35.1,69.1,2963,3.38,24.4,Zona bilanciata
MI1597,EREDI CATALUCCI SNC,12041830154,"RIPA DI PORTA TICINESE, 99",MILANO,,MI,15146,20143,6,44,PORTA TICINESE - CONCHETTA,9.1631335156,45.4490780018,"(45.4490780018, 9.1631335156)",9.1631335156,45.4490780018,44,6,Porta Ticinese - Conchetta,548.4980630858506,16.6,88.6,2354,4.25,20.2,Zona molto competitiva
MI1702,ROSSETTO SNC & C.,5315770965,"PIAZZALE PAOLO GORINI, 14",MILANO,,MI,15146,20133,3,22,CITTA' STUDI,9.2305771584,45.4736866827,"(45.4736866827, 9.2305771584)",9.2305771584,45.4736866827,22,3,Citta' Studi,363.0692521918032,36.7,68.1,3248,3.08,24.2,Zona bilanciata
MI1692,SCHIAVIO SNC,5271460965,"VIA GIOSUE' CARDUCCI, 11",MILANO,,MI,15146,20123,1,1,DUOMO,9.1760853162,45.4662015175,"(45.4662015175, 9.1760853162)",9.1760853162,45.4662015175,1,1,Duomo,171.9512017219984,1.1,99.0,636,15.73,24.0,Zona molto competitiva
MI1764,CENTRO MILANO SRL,6769500965,"VIA BROLETTO, 1",MILANO,,MI,15146,20123,1,2,BRERA,9.1863780454,45.4656416986,"(45.4656416986, 9.1863780454)",9.1863780454,45.4656416986,2,1,Brera,100.451113207937,6.0,93.1,1294,7.73,24.3,Zona molto competitiva
MI1830,OLMI SAS DEL DR. ALESSIO ALBERTO,8716030963,"VIA DELLE BETULLE, 10",MILANO,,MI,15146,20152,7,55,BAGGIO - Q.RE DEGLI OLMI - Q.RE VALSESIA,9.083452613,45.4532030878,"(45.4532030878, 9.083452613)",9.083452613,45.4532030878,55,7,Baggio - Q.Re Degli Olmi - Q.Re Valsesia,356.115408175086,79.5,26.2,6137,1.63,24.5,Zona ad alto potenziale non satura
MI1927,PALMANOVA SAS DR.SSA BARBARA GALLO & C.,10863810965,"PIAZZALE UDINE, 8",MILANO,,MI,15146,20132,3,18,CIMIANO - ROTTOLE - Q.RE FELTRE,9.2374117622,45.4913789944,"(45.4913789944, 9.2374117622)",9.2374117622,45.4913789944,18,3,Cimiano - Rottole - Q.Re Feltre,288.8092209389123,41.4,58.1,3250,3.08,25.7,Zona bilanciata
MI1142,FIORDALISI,8121600152,"VIA DEI FIORDALISI, 2",MILANO,,MI,15146,20146,6,52,BANDE NERE,9.1372187664,45.450541985,"(45.450541985, 9.1372187664)",9.1372187664,45.450541985,52,6,Bande Nere,318.4153337483581,50.6,50.5,3672,2.72,24.9,Zona bilanciata
MI1620,CADORE,12349690151,"VIA CADORE, 29",MILANO,,MI,15146,20135,4,26,XXII MARZO,9.2129406283,45.4574423868,"(45.4574423868, 9.2129406283)",9.2129406283,45.4574423868,26,4,Xxii Marzo,330.274209074867,23.6,73.0,2227,4.49,24.2,Zona molto competitiva
MI1988,MADIA SAS DEL DR. MADIA DARIO,12139450964,"VIALE ZARA, 38",MILANO,,MI,15146,20124,2,11,ISOLA,9.1929974822,45.492067903,"(45.492067903, 9.1929974822)",9.1929974822,45.492067903,11,2,Isola,323.662862417665,30.3,59.7,3165,3.16,20.5,Zona pressione parafarmacie
MI1205,SAN GOTTARDO,9006400155,"VIA PAVIA, 1",MILANO,,MI,15146,20136,5,6,PORTA TICINESE - CONCA DEL NAVIGLIO,9.1791780708,45.447220111,"(45.447220111, 9.1791780708)",9.1791780708,45.447220111,6,5,Porta Ticinese - Conca Del Naviglio,187.3943962616191,11.9,88.2,2010,4.98,21.9,Zona molto competitiva
MI1374,CERTOSA SAS,10704850154,"VIALE CERTOSA, 121",MILANO,,MI,15146,20151,8,71,VILLAPIZZONE - CAGNOLA - BOLDINASCO,9.1403458031,45.4949180854,"(45.4949180854, 9.1403458031)",9.1403458031,45.4949180854,71,8,Villapizzone - Cagnola - Boldinasco,257.3911643501942,59.3,48.2,4645,2.15,20.5,Zona bilanciata
MI1612,OVIDIO SNC,13118020158,"VIA TOSCOLANO, 1",MILANO,,MI,15146,20138,4,30,TALIEDO - MORSENCHIO - Q.RE FORLANINI,9.2418113394,45.4587526039,"(45.4587526039, 9.2418113394)",9.2418113394,45.4587526039,30,4,Taliedo - Morsenchio - Q.Re Forlanini,276.2792994442235,39.5,62.2,3270,3.06,23.7,Zona bilanciata
MI1806,LODI SNC DEI DR.CRISTINA E LUCA DEMARTINI,7765250969,"CORSO LODI, 5",MILANO,,MI,15146,20135,4,27,PTA ROMANA,9.2038869156,45.4514492003,"(45.4514492003, 9.2038869156)",9.2038869156,45.4514492003,27,4,Pta Romana,238.8632346987176,25.8,78.4,2692,3.71,21.9,Zona molto competitiva
MI2007,BLIGNY SAS DEL DR. GIOVANNI BRAMBILLA,12629830964,VIALE BLIGNY 23A,MILANO,,MI,15146,20136,5,5,PORTA VIGENTINA - PORTA LODOVICA,9.1923528301,45.4510516047,"(45.4510516047, 9.1923528301)",9.1923528301,45.4510516047,5,5,Porta Vigentina - Porta Lodovica,315.2662955318717,11.9,81.1,1935,5.17,23.7,Zona molto competitiva
MI1997,BERTOLINI SAS DELLA DR.SSA BERTOLINI ISABELLA,12238550961,"VIA MICHELE SAPONARO, 34",MILANO,,MI,15146,20142,5,41,GRATOSOGLIO - Q.RE MISSAGLIA - Q.RE TERRAZZE,9.1740714801,45.4070953119,"(45.4070953119, 9.1740714801)",9.1740714801,45.4070953119,41,5,Gratosoglio - Q.Re Missaglia - Q.Re Terrazze,475.0261450001894,63.9,38.1,4776,2.09,25.6,Zona servizi senior
MI2042,SERRA SAS DELLA DR.SSA TAVEGGIA PAOLA,13862740969,"VIALE RENATO SERRA, 52",MILANO,,MI,15146,20149,8,67,PORTELLO,9.149692128,45.4885931851,"(45.4885931851, 9.149692128)",9.149692128,45.4885931851,67,8,Portello,342.8164019718843,17.0,69.5,2249,4.45,23.8,Zona pressione parafarmacie
MI1722,MONCUCCO SAS,5653610963,"VIA RIMINI, 29",MILANO,,MI,15146,20142,6,45,MONCUCCO - SAN CRISTOFORO,9.1691699946,45.4405368005,"(45.4405368005, 9.1691699946)",9.1691699946,45.4405368005,45,6,Moncucco - San Cristoforo,263.6068270470132,37.7,43.7,2725,3.67,21.7,Zona bilanciata
MI1733,FOGLIA FASOLIS SRL,4582870962,"VIA BERNARDO CELENTANO, 1",MILANO,,MI,15146,20132,2,19,PADOVA - TURRO - CRESCENZAGO,9.2390095206,45.5024713117,"(45.5024713117, 9.2390095206)",9.2390095206,45.5024713117,19,2,Padova - Turro - Crescenzago,409.6325729712165,61.9,48.4,4747,2.11,20.1,Zona bilanciata
MI1918,SANITAS SAS DI ZAMPRONI MONICA,10572440963,"CORSO GIUSEPPE GARIBALDI,49",MILANO,,MI,15146,20121,1,2,BRERA,9.18349645,45.47417764,"(45.47417764, 9.18349645)",9.18349645,45.47417764,2,1,Brera,222.6300771382787,6.0,93.1,1294,7.73,24.3,Zona molto competitiva
MI1633,LA PIAZZETTA SRL,13475660158,"VIA SABATINO LOPEZ, 3",MILANO,,MI,15146,20157,8,76,QUARTO OGGIARO - VIALBA - MUSOCCO,9.1454026891,45.515085615,"(45.515085615, 9.1454026891)",9.1454026891,45.515085615,76,8,Quarto Oggiaro - Vialba - Musocco,253.1946314569885,43.7,60.5,3657,2.73,21.2,Zona bilanciata
MI1874,XXII MARZO SAS DI VINCENZO BUCCARELLI E C,9711000969,"CORSO XXII MARZO, 23",MILANO,,MI,15146,20129,4,26,XXII MARZO,9.2108865591,45.4623833929,"(45.4623833929, 9.2108865591)",9.2108865591,45.4623833929,26,4,Xxii Marzo,238.1334189101975,23.6,73.0,2227,4.49,24.2,Zona molto competitiva
MI1969,VIALBA SNC DEL DR. GHIRELLI PARIDE E C.,10864030969,"VIA ARSIA, 14",MILANO,,MI,15146,20157,8,76,QUARTO OGGIARO - VIALBA - MUSOCCO,9.1279797299,45.5159606857,"(45.5159606857, 9.1279797299)",9.1279797299,45.5159606857,76,8,Quarto Oggiaro - Vialba - Musocco,531.1143933541068,43.7,60.5,3657,2.73,21.2,Zona bilanciata
MI1770,LORENTEGGIO SNC,13457600156,"VIA LORENTEGGIO, 208",MILANO,,MI,15146,20147,6,53,LORENTEGGIO,9.1269418826,45.4470319792,"(45.4470319792, 9.1269418826)",9.1269418826,45.4470319792,53,6,Lorenteggio,283.6976695203808,76.6,26.3,5066,1.97,22.1,Zona ad alto potenziale non satura
MI1951,COMOTTI DR.SSA CATERINA GRAFFI SRL,10358380961,"PIAZZA CAVOUR, 5",MILANO,,MI,15146,20121,1,2,BRERA,9.1952845683,45.4729715807,"(45.4729715807, 9.1952845683)",9.1952845683,45.4729715807,2,1,Brera,418.2469490596874,6.0,93.1,1294,7.73,24.3,Zona molto competitiva
MI1751,NIZZA DI CLUB SALUTE SRL,6414420965,"VIA GIOACCHINO MURAT, 85",MILANO,,MI,15146,20159,9,12,MACIACHINI - MAGGIOLINA,9.189329729,45.5026674902,"(45.5026674902, 9.189329729)",9.189329729,45.5026674902,12,9,Maciachini - Maggiolina,283.9243809565707,48.2,60.4,3768,2.65,23.4,Zona bilanciata
MI0922,A.F.M. N. 66,13195220150,"VIA ALCUINO, 18",MILANO,,MI,15146,20149,8,67,PORTELLO,9.1563312659,45.4834184076,"(45.4834184076, 9.1563312659)",9.1563312659,45.4834184076,67,8,Portello,312.2708877330751,17.0,69.5,2249,4.45,23.8,Zona pressione parafarmacie
MI1798,FIORE SNC DELLE DR.SSE FIORE BARBARA E SIMONA,7561670964,"VIA GAETANO STRIGELLI, 2",MILANO,,MI,15146,20135,4,28,UMBRIA - MOLISE - CALVAIRATE,9.2173623337,45.4557699875,"(45.4557699875, 9.2173623337)",9.2173623337,45.4557699875,28,4,Umbria - Molise - Calvairate,260.0522814969937,71.5,43.8,5788,1.73,22.3,Zona ad alto potenziale non satura
MI1441,BRACCIO SRL,11015890152,"VIA FELICE CASATI, 32",MILANO,,MI,15146,20124,2,10,STAZIONE CENTRALE - PONTE SEVESO,9.2016781164,45.4796900952,"(45.4796900952, 9.2016781164)",9.2016781164,45.4796900952,10,2,Stazione Centrale - Ponte Seveso,143.9699190183804,6.7,90.0,1717,5.82,21.7,Zona molto competitiva
MI1900,FULVIO TESTI FARMA ACQUISITION SRL,2489000998,"VIALE FULVIO TESTI, 90",MILANO,,MI,15146,20126,9,15,BICOCCA,9.2043018198,45.5120447862,"(45.5120447862, 9.2043018198)",9.2043018198,45.5120447862,15,9,Bicocca,372.1532999115925,40.6,48.6,4350,2.3,17.4,Zona pressione parafarmacie
MI1858,MONTENERO,9121070966,"VIALE MONTE NERO, 59",MILANO,,MI,15146,20135,1,4,GUASTALLA,9.2067749841,45.4595568895,"(45.4595568895, 9.2067749841)",9.2067749841,45.4595568895,4,1,Guastalla,241.259819725735,16.7,84.4,2198,4.55,25.1,Zona molto competitiva
MI0656,A.F.M. N. 07,13195220150,"VIA DELLE FORZE ARMATE, 328",MILANO,,MI,15146,20152,7,56,FORZE ARMATE,9.0978601152,45.4602362008,"(45.4602362008, 9.0978601152)",9.0978601152,45.4602362008,56,7,Forze Armate,474.0198327793727,67.1,31.0,4198,2.38,25.1,Zona servizi senior
MI1665,GABBIANI,4127060962,"VIA DELLA MOSCOVA, 22",MILANO,,MI,15146,20121,1,2,BRERA,9.1921505747,45.476359504,"(45.476359504, 9.1921505747)",9.1921505747,45.476359504,2,1,Brera,312.6092195656066,6.0,93.1,1294,7.73,24.3,Zona molto competitiva
MI1802,OLONA SAS DI FEDELI EMILIA E C.,7639340962,"VIALE CONI ZUGNA, 43",MILANO,,MI,15146,20144,1,7,MAGENTA - S. VITTORE,9.1692868383,45.4573316199,"(45.4573316199, 9.1692868383)",9.1692868383,45.4573316199,7,1,Magenta - S. Vittore,167.3272543547782,7.0,92.1,1805,5.54,22.3,Zona molto competitiva
MI0669,A.F.M. N. 10,13195220150,"VIA PALANZONE, 33",MILANO,,MI,15146,20162,9,14,NIGUARDA - CA' GRANDA - PRATO CENTENARO - Q.RE FULVIO TESTI,9.1922029616,45.5184506977,"(45.5184506977, 9.1922029616)",9.1922029616,45.5184506977,14,9,Niguarda - Ca' Granda - Prato Centenaro - Q.Re Fulvio Testi,300.9568142408679,60.0,45.7,4030,2.48,25.7,Zona servizi senior
MI1786,LA SAPIENZA,2942570124,"VIA GIACOMO ANTONINI, 56",MILANO,,MI,15146,20141,5,38,VIGENTINO - Q.RE FATIMA,9.1958604051,45.4370775053,"(45.4370775053, 9.1958604051)",9.1958604051,45.4370775053,38,5,Vigentino - Q.Re Fatima,436.165251144973,60.8,29.8,4068,2.46,23.1,Zona bilanciata
MI1867,PORPORA SRL,9151920965,"VIA NICOLA ANTONIO PORPORA, 148",MILANO,,MI,15146,20131,3,22,CITTA' STUDI,9.2306251867,45.4859795819,"(45.4859795819, 9.2306251867)",9.2306251867,45.4859795819,22,3,Citta' Studi,252.0105104208244,36.7,68.1,3248,3.08,24.2,Zona bilanciata
MI0642,A.F.M. N. 01,13195220150,"VIA DEL LIRI, 1",MILANO,,MI,15146,20138,4,30,TALIEDO - MORSENCHIO - Q.RE FORLANINI,9.2484933088,45.4452209014,"(45.4452209014, 9.2484933088)",9.2484933088,45.4452209014,30,4,Taliedo - Morsenchio - Q.Re Forlanini,339.812876341807,39.5,62.2,3270,3.06,23.7,Zona bilanciata
MI0055,COOP.FARM.BAIAMONTI,774640155,"PIAZZA ANTONIO BAIAMONTI, 1",MILANO,,MI,15146,20154,8,69,SARPI,9.1812612252,45.4821164885,"(45.4821164885, 9.1812612252)",9.1812612252,45.4821164885,69,8,Sarpi,169.53346167706,14.6,88.6,2177,4.59,20.6,Zona molto competitiva
MI1937,NAZIONALE SRL,11041890960,"CORSO CRISTOFORO COLOMBO, 6",MILANO,,MI,15146,20144,6,44,PORTA TICINESE - CONCHETTA,9.1712537357,45.4544528133,"(45.4544528133, 9.1712537357)",9.1712537357,45.4544528133,44,6,Porta Ticinese - Conchetta,123.5325794089278,16.6,88.6,2354,4.25,20.2,Zona molto competitiva
MI1873,CALO',9726360960,"PIAZZALE GABRIO PIOLA, 1",MILANO,,MI,15146,20131,3,21,BUENOS AIRES - PORTA VENEZIA - PORTA MONFORTE,9.2231581682,45.4797610061,"(45.4797610061, 9.2231581682)",9.2231581682,45.4797610061,21,3,Buenos Aires - Porta Venezia - Porta Monforte,441.4535900238161,18.0,85.7,2213,4.52,23.3,Zona molto competitiva
MI1715,PAVESIO SAS DI G. GASTALDI & C.,5528980963,"VIA GIORGIO CHAVEZ, 19",MILANO,,MI,15146,20131,2,20,LORETO - CASORETTO - NOLO,9.2260535291,45.492913218,"(45.492913218, 9.2260535291)",9.2260535291,45.492913218,20,2,Loreto - Casoretto - Nolo,391.9960548356312,44.6,58.1,3548,2.82,18.4,Zona bilanciata
MI1745,ANGOLO DELLA SALUTE SRL,6312070961,"VIA PAOLO SARPI, 53",MILANO,,MI,15146,20154,1,69,SARPI,9.1727674236,45.4810816168,"(45.4810816168, 9.1727674236)",9.1727674236,45.4810816168,69,1,Sarpi,171.6033954238098,14.6,88.6,2177,4.59,20.6,Zona molto competitiva
MI1996,PROCACCINI SRL (EX MADONNINA),3207930961,VIA UGO BETTI 42B,MILANO,,MI,15146,20151,8,65,Q.RE GALLARATESE - Q.RE SAN LEONARDO - LAMPUGNANO,9.1116620084,45.4926579052,"(45.4926579052, 9.1116620084)",9.1116620084,45.4926579052,65,8,Q.Re Gallaratese - Q.Re San Leonardo - Lampugnano,415.7059967099537,49.5,45.6,3332,3.0,28.3,Zona bilanciata
MI1947,DINAMICA SRL,11209770962,"VIA LODOVICO IL MORO, 3",MILANO,,MI,15146,20143,6,45,MONCUCCO - SAN CRISTOFORO,9.1555198138,45.4474765972,"(45.4474765972, 9.1555198138)",9.1555198138,45.4474765972,45,6,Moncucco - San Cristoforo,448.659864031299,37.7,43.7,2725,3.67,21.7,Zona bilanciata
MI1967,FARAM SNC DI ALBERO DUE SRL (EX MONZA),3860200967,"PIAZZALE MARTESANA, 4",MILANO,,MI,15146,20127,2,16,GORLA - PRECOTTO,9.2241681038,45.5084176015,"(45.5084176015, 9.2241681038)",9.2241681038,45.5084176015,16,2,Gorla - Precotto,521.5887638499968,82.9,15.7,6012,1.66,21.5,Zona ad alto potenziale non satura
MI1718,CATTANEO,5665730965,VIALE SAN GIMIGNANO 13A,MILANO,,MI,15146,20146,6,52,BANDE NERE,9.1359617324,45.4572465855,"(45.4572465855, 9.1359617324)",9.1359617324,45.4572465855,52,6,Bande Nere,206.3519858601705,50.6,50.5,3672,2.72,24.9,Zona bilanciata
MI0242,ROMBON,4113380150,"VIA ROMBON, 29",MILANO,,MI,15146,20134,3,18,CIMIANO - ROTTOLE - Q.RE FELTRE,9.2407604164,45.4864001858,"(45.4864001858, 9.2407604164)",9.2407604164,45.4864001858,18,3,Cimiano - Rottole - Q.Re Feltre,334.2645210239615,41.4,58.1,3250,3.08,25.7,Zona bilanciata
MI1758,CARLO ALBERTO SAS & C.,6660150969,"VIA GIUSEPPE MAZZINI, 12",MILANO,,MI,15146,20123,1,1,DUOMO,9.1883644691,45.4624141126,"(45.4624141126, 9.1883644691)",9.1883644691,45.4624141126,1,1,Duomo,142.7788825723532,1.1,99.0,636,15.73,24.0,Zona molto competitiva
MI1774,BERTA SRL,7087680968,"VIALE MONZA, 43",MILANO,,MI,15146,20125,2,20,LORETO - CASORETTO - NOLO,9.2177996175,45.4904576975,"(45.4904576975, 9.2177996175)",9.2177996175,45.4904576975,20,2,Loreto - Casoretto - Nolo,309.2452704152919,44.6,58.1,3548,2.82,18.4,Zona bilanciata
MI1650,PIMPINELLI,3709730968,"VIA ANTONIO ALDINI, 108",MILANO,,MI,15146,20157,8,76,QUARTO OGGIARO - VIALBA - MUSOCCO,9.1292744824,45.5112712204,"(45.5112712204, 9.1292744824)",9.1292744824,45.5112712204,76,8,Quarto Oggiaro - Vialba - Musocco,283.307383594104,43.7,60.5,3657,2.73,21.2,Zona bilanciata
MI0905,A.F.M. N. 59,13195220150,"VIA GIANFRANCO ZURETTI, 9",MILANO,,MI,15146,20125,2,10,STAZIONE CENTRALE - PONTE SEVESO,9.2068584679,45.4919366005,"(45.4919366005, 9.2068584679)",9.2068584679,45.4919366005,10,2,Stazione Centrale - Ponte Seveso,283.9518129011365,6.7,90.0,1717,5.82,21.7,Zona molto competitiva
MI1392,SAN CAMILLO DEL DR.DARDANELLI GIOVANNI SNC,10767360158,"PIAZZALE FERDINANDO MARTINI, 3",MILANO,,MI,15146,20137,4,28,UMBRIA - MOLISE - CALVAIRATE,9.2219986158,45.4572734076,"(45.4572734076, 9.2219986158)",9.2219986158,45.4572734076,28,4,Umbria - Molise - Calvairate,395.2297508622271,71.5,43.8,5788,1.73,22.3,Zona ad alto potenziale non satura
MI0698,A.F.M. N. 32,13195220150,"VIA EUGENIO PELLINI,1",MILANO,,MI,15146,20125,2,12,MACIACHINI - MAGGIOLINA,9.20391809,45.49586042,"(45.49586042, 9.20391809)",9.20391809,45.49586042,12,2,Maciachini - Maggiolina,250.7450514906947,48.2,60.4,3768,2.65,23.4,Zona bilanciata
MI1164,SOCIALE,8397670152,"VIALE MONZA,126",MILANO,,MI,15146,20127,2,19,PADOVA - TURRO - CRESCENZAGO,9.2216385,45.5015426,"(45.5015426, 9.2216385)",9.2216385,45.5015426,19,2,Padova - Turro - Crescenzago,271.5580367154487,61.9,48.4,4747,2.11,20.1,Zona bilanciata
MI1840,MINERVA DR. MARCEAU SRL,8923090966,"VIA CREMA, 17",MILANO,,MI,15146,20135,5,27,PTA ROMANA,9.2028358249,45.449099208,"(45.449099208, 9.2028358249)",9.2028358249,45.449099208,27,5,Pta Romana,210.6252608919917,25.8,78.4,2692,3.71,21.9,Zona molto competitiva
MI1461,ARCHINTO,11174900156,"PIAZZALE CARLO ARCHINTO, 1",MILANO,,MI,15146,20159,9,11,ISOLA,9.1869275594,45.4874856004,"(45.4874856004, 9.1869275594)",9.1869275594,45.4874856004,11,9,Isola,216.1758540303587,30.3,59.7,3165,3.16,20.5,Zona pressione parafarmacie
MI1957,BELTRADE SRL,10564470960,"PIAZZA SANTA MARIA BELTRADE, 1",MILANO,,MI,15146,20123,1,1,DUOMO,9.1865709094,45.4626716047,"(45.4626716047, 9.1865709094)",9.1865709094,45.4626716047,1,1,Duomo,123.6368734634655,1.1,99.0,636,15.73,24.0,Zona molto competitiva
MI1359,ITALO INGLESE SNC,9617280152,"VIA EMILIO LUSSU, 1",MILANO,,MI,15146,20128,2,17,ADRIANO,9.2445968973,45.5176171174,"(45.5176171174, 9.2445968973)",9.2445968973,45.5176171174,17,2,Adriano,895.9046842949297,72.5,30.7,6068,1.65,17.4,Zona ad alto potenziale non satura
MI0662,A.F.M. N. 13,13195220150,"PIAZZA GEREMIA BONOMELLI, 4",MILANO,,MI,15146,20139,4,35,LODI - CORVETTO,9.2138918905,45.4413106178,"(45.4413106178, 9.2138918905)",9.2138918905,45.4413106178,35,4,Lodi - Corvetto,359.3218001056748,68.7,34.2,4614,2.17,22.0,Zona bilanciata
MI1954,NOVARA SRL (EX ARCHIMEDE),8267990961,"VIA ARCHIMEDE, 20",MILANO,,MI,15146,20129,4,26,XXII MARZO,9.2115789043,45.4650700863,"(45.4650700863, 9.2115789043)",9.2115789043,45.4650700863,26,4,Xxii Marzo,303.5868509391166,23.6,73.0,2227,4.49,24.2,Zona molto competitiva
MI0685,A.F.M. N. 17,13195220150,"VIALE UNGHERIA, 4",MILANO,,MI,15146,20138,4,30,TALIEDO - MORSENCHIO - Q.RE FORLANINI,9.2429299044,45.4455306127,"(45.4455306127, 9.2429299044)",9.2429299044,45.4455306127,30,4,Taliedo - Morsenchio - Q.Re Forlanini,136.4171056220868,39.5,62.2,3270,3.06,23.7,Zona bilanciata
MI2012,CASSIODORO SRL,2330410982,"VIALE CASSIODORO, 12",MILANO,,MI,15146,20145,8,68,PAGANO,9.1601248314,45.4743941992,"(45.4743941992, 9.1601248314)",9.1601248314,45.4743941992,68,8,Pagano,370.6633606470848,32.0,65.1,2942,3.4,23.9,Zona bilanciata
MI2017,SANT'ELENA SRL,13073430962,"VIA FRATELLI ZOIA, 84",MILANO,,MI,15146,20153,7,61,QUARTO CAGNINO,9.1086845887,45.4713115028,"(45.4713115028, 9.1086845887)",9.1086845887,45.4713115028,61,7,Quarto Cagnino,288.3110814815626,80.5,37.4,4976,2.01,26.7,Zona ad alto potenziale non satura
MI0053,COOP.FARM.VERCELLI,774640155,"CORSO VERCELLI, 5",MILANO,,MI,15146,20144,7,51,PORTA MAGENTA,9.163898029,45.4661314029,"(45.4661314029, 9.163898029)",9.163898029,45.4661314029,51,7,Porta Magenta,174.0724308615223,35.1,69.1,2963,3.38,24.4,Zona bilanciata
MI1892,CASTELLI SNC DOTT.SSE GIORGIA PAVAN E DALILA PEDRETTI,10151100962,"PIAZZA POMPEO CASTELLI, 14",MILANO,,MI,15146,20156,8,71,VILLAPIZZONE - CAGNOLA - BOLDINASCO,9.1510309694,45.4995554991,"(45.4995554991, 9.1510309694)",9.1510309694,45.4995554991,71,8,Villapizzone - Cagnola - Boldinasco,306.4825814955718,59.3,48.2,4645,2.15,20.5,Zona bilanciata
MI1677,PONTE VITTORIA SNC,4900610967,"VIA UBERTO VISCONTI DI MODRONE, 1",MILANO,,MI,15146,20122,1,1,DUOMO,9.1989329593,45.4635159138,"(45.4635159138, 9.1989329593)",9.1989329593,45.4635159138,1,1,Duomo,166.9388246597647,1.1,99.0,636,15.73,24.0,Zona molto competitiva
MI1834,SEGRE,8834370960,"VIA FRANCESCO PRIMATICCIO, 217",MILANO,,MI,15146,20147,7,56,FORZE ARMATE,9.1278374051,45.4627825811,"(45.4627825811, 9.1278374051)",9.1278374051,45.4627825811,56,7,Forze Armate,365.0326818184927,67.1,31.0,4198,2.38,25.1,Zona servizi senior
MI2032,QT8 SAS DEL DOTT. IVAN MASTROTA & C.,13682520963,"VIA COLLECCHIO, 4",MILANO,,MI,15146,20148,8,66,QT 8,9.142372212,45.4861317973,"(45.4861317973, 9.142372212)",9.142372212,45.4861317973,66,8,Qt 8,387.3050186775361,26.8,54.6,1988,5.03,26.6,Zona bilanciata
MI1975,CANOSSA SRL,12021210963,"CORSO SEMPIONE, 67",MILANO,,MI,15146,20149,8,67,PORTELLO,9.160069008,45.4844280078,"(45.4844280078, 9.160069008)",9.160069008,45.4844280078,67,8,Portello,284.6611226629535,17.0,69.5,2249,4.45,23.8,Zona pressione parafarmacie
MI2004,DR.SSA DANIELA MATTALIA,12618270966,"VIA GIORGIO WASHINGTON, 98",MILANO,,MI,15146,20146,6,51,PORTA MAGENTA,9.1543749297,45.4560840155,"(45.4560840155, 9.1543749297)",9.1543749297,45.4560840155,51,6,Porta Magenta,244.980399528361,35.1,69.1,2963,3.38,24.4,Zona bilanciata
MI0660,A.F.M. N. 19,13195220150,"PIAZZA PREALPI, 3",MILANO,,MI,15146,20155,8,71,VILLAPIZZONE - CAGNOLA - BOLDINASCO,9.1536378251,45.4945880061,"(45.4945880061, 9.1536378251)",9.1536378251,45.4945880061,71,8,Villapizzone - Cagnola - Boldinasco,296.7098872269166,59.3,48.2,4645,2.15,20.5,Zona bilanciata
MI1848,PALAZZOLO,9127160969,"VIALE MONTE NERO, 37",MILANO,,MI,15146,20135,1,4,GUASTALLA,9.2050115993,45.4569616008,"(45.4569616008, 9.2050115993)",9.2050115993,45.4569616008,4,1,Guastalla,319.6813930993461,16.7,84.4,2198,4.55,25.1,Zona molto competitiva
MI1849,TIBALDI SNC,9089540968,"VIALE TIBALDI, 15",MILANO,,MI,15146,20136,5,6,PORTA TICINESE - CONCA DEL NAVIGLIO,9.179414189,45.44371811,"(45.44371811, 9.179414189)",9.179414189,45.44371811,6,5,Porta Ticinese - Conca Del Naviglio,283.7732194598698,11.9,88.2,2010,4.98,21.9,Zona molto competitiva
MI1591,HUMANITAS,12588160155,"VIA FABIO FILZI, 10",MILANO,,MI,15146,20124,2,10,STAZIONE CENTRALE - PONTE SEVESO,9.1996911025,45.4831249991,"(45.4831249991, 9.1996911025)",9.1996911025,45.4831249991,10,2,Stazione Centrale - Ponte Seveso,208.5057967860486,6.7,90.0,1717,5.82,21.7,Zona molto competitiva
MI2021,GENOVA SRL (EX MONTAGNA SNC),7210180969,"VIALE TIBALDI, 50",MILANO,,MI,15146,20136,5,6,PORTA TICINESE - CONCA DEL NAVIGLIO,9.1830091873,45.444106695,"(45.444106695, 9.1830091873)",9.1830091873,45.444106695,6,5,Porta Ticinese - Conca Del Naviglio,283.7732194598698,11.9,88.2,2010,4.98,21.9,Zona molto competitiva
MI1931,AMBRECK SRL,10957030967,"VIA ANTONIO STRADIVARI, 1",MILANO,,MI,15146,20131,3,21,BUENOS AIRES - PORTA VENEZIA - PORTA MONFORTE,9.2157333946,45.4843961985,"(45.4843961985, 9.2157333946)",9.2157333946,45.4843961985,21,3,Buenos Aires - Porta Venezia - Porta Monforte,169.4487300774924,18.0,85.7,2213,4.52,23.3,Zona molto competitiva
MI1575,MISSORI SAS DI ANGELA ED ELVIRA LIBERATORE,12263860152,"PIAZZA GIUSEPPE MISSORI,3",MILANO,,MI,15146,20123,1,1,DUOMO,9.18866,45.46091,"(45.46091, 9.18866)",9.18866,45.46091,1,1,Duomo,168.8303834977941,1.1,99.0,636,15.73,24.0,Zona molto competitiva
MI0880,A.F.M. N. 54,13195220150,"VIA GIOVANNI SCHEIWILLER, 2",MILANO,,MI,15146,20139,4,35,LODI - CORVETTO,9.2222278608,45.4440949184,"(45.4440949184, 9.2222278608)",9.2222278608,45.4440949184,35,4,Lodi - Corvetto,390.5757368483953,68.7,34.2,4614,2.17,22.0,Zona bilanciata
MI0946,A.F.M. N. 73,13195220150,"VIA ANGELO INGANNI, 40",MILANO,,MI,15146,20147,6,53,LORENTEGGIO,9.1257648119,45.4514496194,"(45.4514496194, 9.1257648119)",9.1257648119,45.4514496194,53,6,Lorenteggio,406.5408965627314,76.6,26.3,5066,1.97,22.1,Zona ad alto potenziale non satura
MI1827,TADDEI SNC,8615080960,"VIA AIROLO, 36",MILANO,,MI,15146,20159,9,12,MACIACHINI - MAGGIOLINA,9.1928834883,45.5021053997,"(45.5021053997, 9.1928834883)",9.1928834883,45.5021053997,12,9,Maciachini - Maggiolina,283.9243809565707,48.2,60.4,3768,2.65,23.4,Zona bilanciata
